dispute_id,transaction_id,dispute_date,txn_amount_inr,reason_code,card_network,issuing_bank,merchant_category,three_ds_status,courier_status,carrier,signed_pod,ip_geo_match,device_fingerprint_match,billing_shipping_match,customer_past_dispute_count,prior_undisputed_txns,txn_age_days,days_to_deadline,dispute_outcome
dsp_00001,pay_80b0c82d284e,2025-01-15 02:00:00,519.06,MC_4837_FRAUD,MASTERCARD,AXIS,FOOD_DELIVERY,Y_AUTHENTICATED,RETURNED,BLUEDART,False,False,False,True,0,3,47,12,0
dsp_00002,pay_14b429db6afa,2025-01-15 03:00:00,1957.13,VISA_13_3_DEFECTIVE,VISA,CITI_INTL,FASHION_APPAREL,A_ATTEMPTED,DELIVERED,BLUEDART,True,True,False,True,0,3,68,4,1
dsp_00003,pay_9fd4982996aa,2025-01-15 16:00:00,1184.93,MC_4837_FRAUD,MASTERCARD,SBI,DIGITAL_SAAS,A_ATTEMPTED,NOT_APPLICABLE,NONE,False,True,True,True,0,6,34,11,0
dsp_00004,pay_6a5eb4e090d9,2025-01-15 23:00:00,7007.71,VISA_13_3_DEFECTIVE,VISA,HDFC,TRAVEL_HOTEL,A_ATTEMPTED,DELIVERED,BLUEDART,True,True,False,False,1,3,30,3,1
dsp_00005,pay_a0a3ed44be90,2025-01-16 21:00:00,5144.66,VISA_13_1_NOT_RECEIVED,VISA,KOTAK,ECOMM_RETAIL,U_UNAVAILABLE,DELIVERED,FEDEX_INTL,False,True,False,True,0,1,51,12,0
dsp_00006,pay_4c2472089d1c,2025-01-16 11:00:00,639.7,MC_4837_FRAUD,MASTERCARD,AXIS,FOOD_DELIVERY,N_NOT_ENROLLED,DELIVERED,DTDC,True,True,True,True,2,1,5,9,1
dsp_00007,pay_6fad0c6fef46,2025-01-16 23:00:00,464.08,MC_4853_GOODS_SERVICES,MASTERCARD,CITI_INTL,ECOMM_RETAIL,U_UNAVAILABLE,DELIVERED,FEDEX_INTL,True,True,False,True,0,6,38,10,0
dsp_00008,pay_7a03499332cb,2025-01-17 09:00:00,1143.57,MC_4837_FRAUD,MASTERCARD,CITI_INTL,TRAVEL_HOTEL,A_ATTEMPTED,RETURNED,DELHIVERY,False,True,True,True,0,3,41,8,0
dsp_00009,pay_522fac7a4689,2025-01-17 14:00:00,318.45,VISA_13_1_NOT_RECEIVED,VISA,SBI,ECOMM_RETAIL,A_ATTEMPTED,UNKNOWN,BLUEDART,False,True,True,True,5,4,25,14,0
dsp_00010,pay_bfdd83da8e95,2025-01-17 18:00:00,578.23,VISA_13_3_DEFECTIVE,VISA,AMEX_INTL,ECOMM_RETAIL,A_ATTEMPTED,RETURNED,BLUEDART,False,True,True,True,1,0,77,8,0
dsp_00011,pay_03b48e725fe5,2025-01-18 07:00:00,12358.94,MC_4837_FRAUD,MASTERCARD,HDFC,FASHION_APPAREL,N_NOT_ENROLLED,DELIVERED,DTDC,True,True,True,True,0,3,61,3,1
dsp_00012,pay_4b9ac3388bbc,2025-01-18 02:00:00,1132.55,VISA_13_3_DEFECTIVE,VISA,SBI,FASHION_APPAREL,N_NOT_ENROLLED,DELIVERED,DELHIVERY,False,True,False,True,0,0,45,5,1
dsp_00013,pay_8ad370dacaa2,2025-01-18 13:00:00,2493.03,VISA_13_3_DEFECTIVE,VISA,AMEX_INTL,ELECTRONICS,N_NOT_ENROLLED,IN_TRANSIT,FEDEX_INTL,False,True,False,True,0,0,50,13,0
dsp_00014,pay_cc42c52c6fb9,2025-01-18 03:00:00,1695.04,MC_4837_FRAUD,MASTERCARD,CITI_INTL,FOOD_DELIVERY,U_UNAVAILABLE,DELIVERED,DELHIVERY,False,True,True,False,0,2,35,9,1
dsp_00015,pay_8d94ddd83411,2025-01-19 04:00:00,2869.64,MC_4853_GOODS_SERVICES,MASTERCARD,KOTAK,FASHION_APPAREL,U_UNAVAILABLE,DELIVERED,FEDEX_INTL,True,True,True,True,5,6,16,14,1
dsp_00016,pay_d20f0d4977e8,2025-01-19 21:00:00,2547.81,VISA_13_3_DEFECTIVE,VISA,SBI,ECOMM_RETAIL,U_UNAVAILABLE,DELIVERED,DTDC,True,True,False,True,0,1,84,2,1
dsp_00017,pay_654906d916e2,2025-01-19 21:00:00,1141.59,VISA_10_4_FRAUD,VISA,SBI,FASHION_APPAREL,N_NOT_ENROLLED,UNKNOWN,DELHIVERY,False,True,False,True,0,1,46,14,0
dsp_00018,pay_e1d3a8ffb4f1,2025-01-20 12:00:00,2015.66,VISA_10_4_FRAUD,VISA,KOTAK,FOOD_DELIVERY,Y_AUTHENTICATED,DELIVERED,INDIAPOST,True,True,True,True,3,4,65,2,1
dsp_00019,pay_12e707298abf,2025-01-20 13:00:00,1011.3,MC_4853_GOODS_SERVICES,MASTERCARD,AMEX_INTL,ELECTRONICS,Y_AUTHENTICATED,DELIVERED,INDIAPOST,False,True,False,True,1,1,54,2,0
dsp_00020,pay_5d82ca72029f,2025-01-20 13:00:00,2377.66,VISA_10_4_FRAUD,VISA,AMEX_INTL,ECOMM_RETAIL,N_NOT_ENROLLED,DELIVERED,FEDEX_INTL,False,True,False,False,3,0,12,10,0
dsp_00021,pay_143527ad141d,2025-01-21 08:00:00,505.27,VISA_13_3_DEFECTIVE,VISA,AMEX_INTL,FOOD_DELIVERY,U_UNAVAILABLE,IN_TRANSIT,BLUEDART,False,True,True,True,0,0,86,10,1
dsp_00022,pay_b3598fe2630b,2025-01-21 20:00:00,484.86,MC_4853_GOODS_SERVICES,MASTERCARD,CITI_INTL,FOOD_DELIVERY,Y_AUTHENTICATED,UNKNOWN,DELHIVERY,False,True,True,True,0,4,29,6,1
dsp_00023,pay_122c6f7fbd3e,2025-01-21 03:00:00,1539.81,VISA_13_1_NOT_RECEIVED,VISA,AXIS,ECOMM_RETAIL,N_NOT_ENROLLED,DELIVERED,DTDC,True,True,True,True,0,2,72,10,1
dsp_00024,pay_649adb59d0c9,2025-01-21 09:00:00,760.62,VISA_13_3_DEFECTIVE,VISA,HDFC,DIGITAL_SAAS,Y_AUTHENTICATED,NOT_APPLICABLE,NONE,False,True,True,True,1,2,39,14,0
dsp_00025,pay_c3e192a21a85,2025-01-22 02:00:00,3216.9,VISA_10_4_FRAUD,VISA,KOTAK,ECOMM_RETAIL,U_UNAVAILABLE,UNKNOWN,FEDEX_INTL,False,False,False,True,5,2,57,12,0
dsp_00026,pay_c9d235f3341d,2025-01-22 15:00:00,2171.29,MC_4853_GOODS_SERVICES,MASTERCARD,AMEX_INTL,FOOD_DELIVERY,A_ATTEMPTED,RETURNED,BLUEDART,False,True,True,True,0,0,44,7,1
dsp_00027,pay_38df5d3ab824,2025-01-22 12:00:00,1218.98,VISA_13_1_NOT_RECEIVED,VISA,AXIS,DIGITAL_SAAS,Y_AUTHENTICATED,NOT_APPLICABLE,NONE,False,True,False,True,1,3,77,13,1
dsp_00028,pay_638d34674353,2025-01-23 11:00:00,3061.9,VISA_13_1_NOT_RECEIVED,VISA,CITI_INTL,FASHION_APPAREL,N_NOT_ENROLLED,RETURNED,DTDC,False,True,False,False,0,0,63,9,0
dsp_00029,pay_7203131a562f,2025-01-23 15:00:00,16071.06,VISA_10_4_FRAUD,VISA,KOTAK,ECOMM_RETAIL,N_NOT_ENROLLED,UNKNOWN,DTDC,False,False,False,True,0,1,41,9,0
dsp_00030,pay_0439a72bba3b,2025-01-23 18:00:00,419.95,VISA_10_4_FRAUD,VISA,HDFC,FASHION_APPAREL,N_NOT_ENROLLED,DELIVERED,DELHIVERY,True,True,True,True,1,2,69,11,1
dsp_00031,pay_f0694c1dc614,2025-01-24 03:00:00,3674.19,MC_4853_GOODS_SERVICES,MASTERCARD,CITI_INTL,ECOMM_RETAIL,N_NOT_ENROLLED,DELIVERED,INDIAPOST,True,False,True,True,1,3,67,6,1
dsp_00032,pay_0c29513f8d41,2025-01-24 21:00:00,1514.69,VISA_13_1_NOT_RECEIVED,VISA,ICICI,FOOD_DELIVERY,Y_AUTHENTICATED,DELIVERED,FEDEX_INTL,True,True,False,True,0,2,84,14,1
dsp_00033,pay_385290b2fc89,2025-01-24 15:00:00,5055.1,MC_4853_GOODS_SERVICES,MASTERCARD,CITI_INTL,FOOD_DELIVERY,A_ATTEMPTED,DELIVERED,BLUEDART,True,True,True,True,3,0,50,10,1
dsp_00034,pay_94bd161f9c23,2025-01-25 00:00:00,264.67,VISA_13_1_NOT_RECEIVED,VISA,AXIS,ECOMM_RETAIL,A_ATTEMPTED,IN_TRANSIT,FEDEX_INTL,False,False,True,True,0,6,79,2,0
dsp_00035,pay_5397d15fff5d,2025-01-25 15:00:00,816.6,MC_4853_GOODS_SERVICES,MASTERCARD,HDFC,FASHION_APPAREL,N_NOT_ENROLLED,DELIVERED,DTDC,True,True,True,False,3,4,73,12,0
dsp_00036,pay_67ee9892af26,2025-01-25 04:00:00,1570.19,VISA_10_4_FRAUD,VISA,HDFC,TRAVEL_HOTEL,N_NOT_ENROLLED,UNKNOWN,FEDEX_INTL,False,True,False,False,0,0,72,10,0
dsp_00037,pay_3ebb92039734,2025-01-25 19:00:00,1664.09,MC_4853_GOODS_SERVICES,MASTERCARD,HDFC,ECOMM_RETAIL,N_NOT_ENROLLED,IN_TRANSIT,INDIAPOST,False,True,False,True,2,1,73,4,0
dsp_00038,pay_871665bc856b,2025-01-26 17:00:00,14255.87,MC_4837_FRAUD,MASTERCARD,KOTAK,FASHION_APPAREL,Y_AUTHENTICATED,DELIVERED,DTDC,True,False,False,True,0,0,10,6,0
dsp_00039,pay_376d1d5679ef,2025-01-26 13:00:00,1440.73,MC_4837_FRAUD,MASTERCARD,AMEX_INTL,FASHION_APPAREL,A_ATTEMPTED,DELIVERED,BLUEDART,True,True,True,True,5,1,41,10,1
dsp_00040,pay_08ce0adcfee1,2025-01-26 22:00:00,18792.54,VISA_10_4_FRAUD,VISA,HDFC,FOOD_DELIVERY,Y_AUTHENTICATED,UNKNOWN,BLUEDART,False,True,True,True,2,2,58,7,0
dsp_00041,pay_2e1ba22a698b,2025-01-27 22:00:00,473.02,VISA_13_3_DEFECTIVE,VISA,AMEX_INTL,ECOMM_RETAIL,A_ATTEMPTED,DELIVERED,INDIAPOST,True,True,True,True,0,2,50,11,1
dsp_00042,pay_2f73e9d61d97,2025-01-27 15:00:00,6480.95,VISA_10_4_FRAUD,VISA,AXIS,FASHION_APPAREL,N_NOT_ENROLLED,IN_TRANSIT,BLUEDART,False,True,False,True,1,6,83,3,0
dsp_00043,pay_14da2945bb79,2025-01-27 05:00:00,650.77,VISA_13_1_NOT_RECEIVED,VISA,SBI,DIGITAL_SAAS,Y_AUTHENTICATED,NOT_APPLICABLE,NONE,False,True,False,True,0,4,9,2,0
dsp_00044,pay_ad6976d48d00,2025-01-28 06:00:00,200.8,MC_4853_GOODS_SERVICES,MASTERCARD,HDFC,DIGITAL_SAAS,U_UNAVAILABLE,NOT_APPLICABLE,NONE,False,False,True,True,2,0,55,5,0
dsp_00045,pay_8fbd9834d0c1,2025-01-28 01:00:00,3046.84,MC_4853_GOODS_SERVICES,MASTERCARD,SBI,ELECTRONICS,U_UNAVAILABLE,RETURNED,DELHIVERY,False,True,True,True,2,1,61,2,0
dsp_00046,pay_f1f947937e38,2025-01-28 05:00:00,5310.17,MC_4853_GOODS_SERVICES,MASTERCARD,AMEX_INTL,FOOD_DELIVERY,N_NOT_ENROLLED,DELIVERED,FEDEX_INTL,False,True,True,True,3,1,9,6,1
dsp_00047,pay_78da9d757d2f,2025-01-28 22:00:00,584.44,VISA_10_4_FRAUD,VISA,ICICI,FOOD_DELIVERY,U_UNAVAILABLE,DELIVERED,DTDC,True,True,True,True,0,3,4,8,1
dsp_00048,pay_1009d17385e1,2025-01-29 02:00:00,1458.16,VISA_13_3_DEFECTIVE,VISA,KOTAK,TRAVEL_HOTEL,U_UNAVAILABLE,IN_TRANSIT,DELHIVERY,False,True,True,True,3,1,76,14,0
dsp_00049,pay_62d9bbec629f,2025-01-29 08:00:00,1250.75,VISA_13_3_DEFECTIVE,VISA,SBI,FASHION_APPAREL,Y_AUTHENTICATED,UNKNOWN,BLUEDART,False,True,True,False,0,2,4,3,1
dsp_00050,pay_1f9dbf6cd601,2025-01-29 09:00:00,5325.28,VISA_13_1_NOT_RECEIVED,VISA,ICICI,ELECTRONICS,Y_AUTHENTICATED,IN_TRANSIT,FEDEX_INTL,False,True,True,True,0,2,3,9,1
dsp_00051,pay_fd9fb08dc288,2025-01-30 17:00:00,8986.0,MC_4853_GOODS_SERVICES,MASTERCARD,AMEX_INTL,DIGITAL_SAAS,U_UNAVAILABLE,NOT_APPLICABLE,NONE,False,False,False,False,2,1,57,14,0
dsp_00052,pay_a374a336cf46,2025-01-30 18:00:00,440.57,MC_4837_FRAUD,MASTERCARD,AXIS,FOOD_DELIVERY,N_NOT_ENROLLED,DELIVERED,FEDEX_INTL,False,True,False,True,5,3,33,10,0
dsp_00053,pay_01d9c7072d15,2025-01-30 23:00:00,4794.01,VISA_13_3_DEFECTIVE,VISA,AMEX_INTL,DIGITAL_SAAS,A_ATTEMPTED,NOT_APPLICABLE,NONE,False,True,False,True,5,3,22,3,1
dsp_00054,pay_684cf07a9267,2025-01-31 13:00:00,3095.54,VISA_10_4_FRAUD,VISA,SBI,FOOD_DELIVERY,Y_AUTHENTICATED,DELIVERED,DELHIVERY,True,True,False,True,0,4,67,11,1
dsp_00055,pay_60889925b314,2025-01-31 02:00:00,1065.52,MC_4837_FRAUD,MASTERCARD,AXIS,ECOMM_RETAIL,U_UNAVAILABLE,IN_TRANSIT,BLUEDART,False,True,True,True,1,3,56,13,0
dsp_00056,pay_27f6563dc175,2025-01-31 16:00:00,38530.04,MC_4853_GOODS_SERVICES,MASTERCARD,SBI,TRAVEL_HOTEL,N_NOT_ENROLLED,DELIVERED,BLUEDART,True,False,True,True,1,0,32,10,1
dsp_00057,pay_eb73ead5a87b,2025-02-01 15:00:00,1206.18,VISA_13_1_NOT_RECEIVED,VISA,AXIS,ECOMM_RETAIL,Y_AUTHENTICATED,IN_TRANSIT,DELHIVERY,False,True,True,True,5,0,46,7,1
dsp_00058,pay_774e66d4afbe,2025-02-01 21:00:00,480.83,VISA_13_1_NOT_RECEIVED,VISA,ICICI,FASHION_APPAREL,Y_AUTHENTICATED,DELIVERED,INDIAPOST,True,True,True,True,3,6,68,14,1
dsp_00059,pay_1c0078af6829,2025-02-01 09:00:00,260.14,VISA_13_1_NOT_RECEIVED,VISA,AMEX_INTL,FOOD_DELIVERY,A_ATTEMPTED,IN_TRANSIT,FEDEX_INTL,False,True,True,True,2,0,77,5,1
dsp_00060,pay_653a97b81c82,2025-02-01 05:00:00,2870.16,VISA_10_4_FRAUD,VISA,AXIS,ELECTRONICS,U_UNAVAILABLE,IN_TRANSIT,DTDC,False,True,True,True,5,6,61,9,0
dsp_00061,pay_cc27ffe66f23,2025-02-02 11:00:00,4670.22,VISA_10_4_FRAUD,VISA,SBI,ECOMM_RETAIL,A_ATTEMPTED,IN_TRANSIT,BLUEDART,False,True,True,True,5,0,84,2,0
dsp_00062,pay_d5df516b827f,2025-02-02 23:00:00,568.86,MC_4853_GOODS_SERVICES,MASTERCARD,AXIS,ELECTRONICS,N_NOT_ENROLLED,RETURNED,BLUEDART,False,True,True,True,1,1,8,12,0
dsp_00063,pay_8e3e1169f915,2025-02-02 11:00:00,3932.31,VISA_13_1_NOT_RECEIVED,VISA,ICICI,ECOMM_RETAIL,A_ATTEMPTED,DELIVERED,INDIAPOST,True,True,True,True,3,0,38,6,1
dsp_00064,pay_0e14038fac80,2025-02-03 10:00:00,6999.7,VISA_13_3_DEFECTIVE,VISA,ICICI,FOOD_DELIVERY,A_ATTEMPTED,UNKNOWN,DTDC,False,True,True,True,0,6,7,8,1
dsp_00065,pay_6ef381ad883b,2025-02-03 14:00:00,1443.45,VISA_10_4_FRAUD,VISA,HDFC,FOOD_DELIVERY,Y_AUTHENTICATED,DELIVERED,FEDEX_INTL,True,True,True,True,0,1,10,5,1
dsp_00066,pay_2cea4fb5578e,2025-02-03 13:00:00,5524.82,VISA_13_3_DEFECTIVE,VISA,KOTAK,DIGITAL_SAAS,Y_AUTHENTICATED,NOT_APPLICABLE,NONE,False,False,False,True,0,1,82,5,1
dsp_00067,pay_10d5e2b0ff53,2025-02-04 01:00:00,598.83,VISA_13_1_NOT_RECEIVED,VISA,ICICI,ELECTRONICS,N_NOT_ENROLLED,RETURNED,DELHIVERY,False,True,True,True,1,3,74,6,1
dsp_00068,pay_4e7899834517,2025-02-04 01:00:00,927.57,MC_4837_FRAUD,MASTERCARD,CITI_INTL,FOOD_DELIVERY,N_NOT_ENROLLED,DELIVERED,DTDC,True,False,True,True,0,0,15,12,1
dsp_00069,pay_3abe2c2c993e,2025-02-04 02:00:00,1700.31,MC_4853_GOODS_SERVICES,MASTERCARD,AMEX_INTL,ECOMM_RETAIL,N_NOT_ENROLLED,UNKNOWN,INDIAPOST,False,True,False,True,1,0,39,13,1
dsp_00070,pay_9b0808301d30,2025-02-04 12:00:00,403.28,VISA_10_4_FRAUD,VISA,SBI,DIGITAL_SAAS,N_NOT_ENROLLED,NOT_APPLICABLE,NONE,False,False,True,False,0,2,23,4,0
dsp_00071,pay_b77abe641343,2025-02-05 04:00:00,2734.01,VISA_13_3_DEFECTIVE,VISA,CITI_INTL,TRAVEL_HOTEL,N_NOT_ENROLLED,RETURNED,DTDC,False,False,False,True,1,0,83,7,0
dsp_00072,pay_8a2e49e1ddd5,2025-02-05 12:00:00,987.57,MC_4853_GOODS_SERVICES,MASTERCARD,HDFC,TRAVEL_HOTEL,U_UNAVAILABLE,IN_TRANSIT,BLUEDART,False,True,True,True,0,6,18,5,0
dsp_00073,pay_dd2438265113,2025-02-05 21:00:00,1872.32,MC_4837_FRAUD,MASTERCARD,KOTAK,DIGITAL_SAAS,A_ATTEMPTED,NOT_APPLICABLE,NONE,False,True,False,True,1,2,85,12,0
dsp_00074,pay_9981f0c23c91,2025-02-06 13:00:00,618.18,VISA_13_3_DEFECTIVE,VISA,HDFC,ECOMM_RETAIL,Y_AUTHENTICATED,DELIVERED,DTDC,True,False,True,True,3,3,80,14,1
dsp_00075,pay_4633a955a6e7,2025-02-06 13:00:00,773.78,VISA_13_3_DEFECTIVE,VISA,HDFC,FASHION_APPAREL,N_NOT_ENROLLED,UNKNOWN,INDIAPOST,False,True,True,True,0,1,69,7,0
dsp_00076,pay_2004302d18a1,2025-02-06 03:00:00,4023.42,MC_4837_FRAUD,MASTERCARD,ICICI,ELECTRONICS,Y_AUTHENTICATED,DELIVERED,DTDC,False,True,True,True,5,0,48,8,0
dsp_00077,pay_1bba5ee9d3b7,2025-02-07 00:00:00,4311.92,VISA_13_3_DEFECTIVE,VISA,ICICI,FASHION_APPAREL,N_NOT_ENROLLED,DELIVERED,FEDEX_INTL,True,True,False,False,0,1,70,13,0
dsp_00078,pay_4db9e08c0c40,2025-02-07 21:00:00,486.88,VISA_13_3_DEFECTIVE,VISA,HDFC,FOOD_DELIVERY,A_ATTEMPTED,DELIVERED,INDIAPOST,True,False,True,True,0,2,17,8,1
dsp_00079,pay_e0d2f9797799,2025-02-07 08:00:00,642.4,VISA_13_3_DEFECTIVE,VISA,CITI_INTL,ELECTRONICS,U_UNAVAILABLE,DELIVERED,FEDEX_INTL,False,False,True,False,0,2,38,14,0
dsp_00080,pay_f1e8aa925c94,2025-02-08 02:00:00,496.96,MC_4837_FRAUD,MASTERCARD,ICICI,FASHION_APPAREL,A_ATTEMPTED,DELIVERED,INDIAPOST,True,True,False,True,1,4,32,11,1
dsp_00081,pay_07703662b1b8,2025-02-08 07:00:00,638.8,VISA_10_4_FRAUD,VISA,HDFC,FOOD_DELIVERY,Y_AUTHENTICATED,RETURNED,BLUEDART,False,True,True,True,1,1,74,8,0
dsp_00082,pay_cc7f720ead83,2025-02-08 10:00:00,7320.03,MC_4853_GOODS_SERVICES,MASTERCARD,AMEX_INTL,ECOMM_RETAIL,Y_AUTHENTICATED,DELIVERED,INDIAPOST,True,True,True,True,0,0,82,4,1
dsp_00083,pay_b72f0a9b313f,2025-02-08 23:00:00,1179.87,VISA_13_3_DEFECTIVE,VISA,KOTAK,ELECTRONICS,U_UNAVAILABLE,UNKNOWN,DELHIVERY,False,True,True,True,3,4,75,3,0
dsp_00084,pay_9989cf395819,2025-02-09 22:00:00,1011.47,MC_4837_FRAUD,MASTERCARD,KOTAK,ECOMM_RETAIL,U_UNAVAILABLE,IN_TRANSIT,DTDC,False,True,False,True,1,1,58,5,0
dsp_00085,pay_574d97b98eb8,2025-02-09 21:00:00,5482.02,VISA_10_4_FRAUD,VISA,CITI_INTL,ECOMM_RETAIL,A_ATTEMPTED,DELIVERED,DTDC,True,False,True,True,1,1,65,11,0
dsp_00086,pay_3899cc5a2765,2025-02-09 11:00:00,3152.79,VISA_13_3_DEFECTIVE,VISA,SBI,FASHION_APPAREL,Y_AUTHENTICATED,DELIVERED,DTDC,False,True,True,False,0,6,68,11,1
dsp_00087,pay_8b2bff75716b,2025-02-10 04:00:00,10669.34,VISA_13_1_NOT_RECEIVED,VISA,CITI_INTL,DIGITAL_SAAS,N_NOT_ENROLLED,NOT_APPLICABLE,NONE,False,True,True,False,2,0,54,11,0
dsp_00088,pay_df5c2990c057,2025-02-10 12:00:00,753.6,MC_4837_FRAUD,MASTERCARD,SBI,DIGITAL_SAAS,A_ATTEMPTED,NOT_APPLICABLE,NONE,False,True,True,True,0,3,60,3,0
dsp_00089,pay_7cda899cc2b4,2025-02-10 19:00:00,991.39,VISA_10_4_FRAUD,VISA,AMEX_INTL,FOOD_DELIVERY,U_UNAVAILABLE,DELIVERED,FEDEX_INTL,True,True,True,False,1,1,27,5,1
dsp_00090,pay_ca8275212916,2025-02-11 16:00:00,150.0,MC_4837_FRAUD,MASTERCARD,AMEX_INTL,FASHION_APPAREL,N_NOT_ENROLLED,RETURNED,BLUEDART,False,True,True,True,2,6,37,8,0
dsp_00091,pay_52d9da02d371,2025-02-11 16:00:00,5903.87,MC_4853_GOODS_SERVICES,MASTERCARD,SBI,DIGITAL_SAAS,Y_AUTHENTICATED,NOT_APPLICABLE,NONE,False,False,True,True,5,4,64,9,0
dsp_00092,pay_b4aa1fb6fbb7,2025-02-11 11:00:00,948.43,MC_4853_GOODS_SERVICES,MASTERCARD,AMEX_INTL,ELECTRONICS,U_UNAVAILABLE,UNKNOWN,FEDEX_INTL,False,True,False,True,0,4,44,3,1
dsp_00093,pay_2acb1921c0f6,2025-02-11 15:00:00,2083.94,VISA_13_1_NOT_RECEIVED,VISA,AXIS,FASHION_APPAREL,A_ATTEMPTED,DELIVERED,BLUEDART,False,False,True,True,0,1,6,2,1
dsp_00094,pay_9dc04506c5ef,2025-02-12 08:00:00,1427.58,MC_4837_FRAUD,MASTERCARD,HDFC,ECOMM_RETAIL,A_ATTEMPTED,DELIVERED,FEDEX_INTL,True,True,True,False,0,2,84,13,1
dsp_00095,pay_d8cd95b74287,2025-02-12 14:00:00,1947.5,MC_4837_FRAUD,MASTERCARD,AXIS,FOOD_DELIVERY,Y_AUTHENTICATED,IN_TRANSIT,INDIAPOST,False,False,True,True,0,0,47,7,0
dsp_00096,pay_49dbcd0ee51a,2025-02-12 13:00:00,822.82,VISA_10_4_FRAUD,VISA,AMEX_INTL,ECOMM_RETAIL,N_NOT_ENROLLED,DELIVERED,DELHIVERY,False,False,True,True,0,1,39,4,0
dsp_00097,pay_670d116c30d9,2025-02-13 07:00:00,355.32,MC_4837_FRAUD,MASTERCARD,AMEX_INTL,TRAVEL_HOTEL,U_UNAVAILABLE,DELIVERED,BLUEDART,False,False,True,False,0,0,26,13,0
dsp_00098,pay_45f59a2cb635,2025-02-13 03:00:00,2758.5,VISA_13_1_NOT_RECEIVED,VISA,HDFC,FASHION_APPAREL,Y_AUTHENTICATED,DELIVERED,DELHIVERY,True,False,True,True,0,3,74,11,1
dsp_00099,pay_bf16ea74d628,2025-02-13 06:00:00,1318.58,MC_4853_GOODS_SERVICES,MASTERCARD,AXIS,TRAVEL_HOTEL,Y_AUTHENTICATED,DELIVERED,INDIAPOST,False,True,False,True,0,0,49,8,0
dsp_00100,pay_9e93caf5be9a,2025-02-14 18:00:00,942.18,MC_4837_FRAUD,MASTERCARD,CITI_INTL,FOOD_DELIVERY,Y_AUTHENTICATED,RETURNED,DELHIVERY,False,True,True,False,0,4,37,2,0
dsp_00101,pay_6859f3c662a3,2025-02-14 04:00:00,2064.69,VISA_13_3_DEFECTIVE,VISA,ICICI,FOOD_DELIVERY,U_UNAVAILABLE,UNKNOWN,FEDEX_INTL,False,True,True,True,3,1,85,10,0
dsp_00102,pay_b6c73241880e,2025-02-14 06:00:00,34506.7,VISA_13_1_NOT_RECEIVED,VISA,KOTAK,DIGITAL_SAAS,Y_AUTHENTICATED,NOT_APPLICABLE,NONE,False,True,True,True,0,1,25,10,0
dsp_00103,pay_0e07c96f913c,2025-02-15 08:00:00,2161.06,VISA_13_3_DEFECTIVE,VISA,CITI_INTL,ELECTRONICS,Y_AUTHENTICATED,IN_TRANSIT,DELHIVERY,False,True,True,True,0,4,34,2,0
dsp_00104,pay_6eed568d373d,2025-02-15 00:00:00,3772.75,MC_4853_GOODS_SERVICES,MASTERCARD,AMEX_INTL,ECOMM_RETAIL,A_ATTEMPTED,RETURNED,INDIAPOST,False,False,True,True,0,0,53,8,0
dsp_00105,pay_96bb152bfa71,2025-02-15 21:00:00,369.8,VISA_10_4_FRAUD,VISA,HDFC,DIGITAL_SAAS,N_NOT_ENROLLED,NOT_APPLICABLE,NONE,False,True,False,True,0,0,32,6,1
dsp_00106,pay_177ac45ecc1f,2025-02-15 08:00:00,5240.18,VISA_13_3_DEFECTIVE,VISA,ICICI,TRAVEL_HOTEL,U_UNAVAILABLE,DELIVERED,FEDEX_INTL,True,True,True,False,0,2,13,7,1
dsp_00107,pay_f92684c32237,2025-02-16 16:00:00,4624.26,VISA_13_3_DEFECTIVE,VISA,AXIS,ECOMM_RETAIL,Y_AUTHENTICATED,DELIVERED,DELHIVERY,False,True,False,True,0,6,72,4,1
dsp_00108,pay_d0347b20766d,2025-02-16 23:00:00,698.52,VISA_13_3_DEFECTIVE,VISA,HDFC,FASHION_APPAREL,A_ATTEMPTED,DELIVERED,DELHIVERY,True,False,True,True,1,1,38,10,1
dsp_00109,pay_a90634f24b16,2025-02-16 19:00:00,1471.63,MC_4853_GOODS_SERVICES,MASTERCARD,CITI_INTL,ELECTRONICS,A_ATTEMPTED,DELIVERED,FEDEX_INTL,True,True,True,True,1,1,87,6,1
dsp_00110,pay_f3dcdd870351,2025-02-17 08:00:00,5998.13,MC_4853_GOODS_SERVICES,MASTERCARD,SBI,FOOD_DELIVERY,Y_AUTHENTICATED,RETURNED,INDIAPOST,False,False,True,True,1,4,83,14,1
dsp_00111,pay_95362e9d12c9,2025-02-17 15:00:00,1152.94,MC_4853_GOODS_SERVICES,MASTERCARD,HDFC,FOOD_DELIVERY,U_UNAVAILABLE,IN_TRANSIT,FEDEX_INTL,False,True,True,True,0,6,10,9,0
dsp_00112,pay_6a3ef62f43fe,2025-02-17 00:00:00,4698.54,VISA_13_3_DEFECTIVE,VISA,HDFC,FASHION_APPAREL,U_UNAVAILABLE,UNKNOWN,BLUEDART,False,False,True,True,3,2,26,2,0
dsp_00113,pay_e01ef495ffef,2025-02-18 05:00:00,4986.95,VISA_13_3_DEFECTIVE,VISA,HDFC,FOOD_DELIVERY,U_UNAVAILABLE,UNKNOWN,FEDEX_INTL,False,True,False,True,0,2,13,6,1
dsp_00114,pay_712584f2ce08,2025-02-18 02:00:00,150.0,MC_4837_FRAUD,MASTERCARD,KOTAK,FOOD_DELIVERY,A_ATTEMPTED,UNKNOWN,BLUEDART,False,True,True,True,3,4,75,4,1
dsp_00115,pay_dfbc90ae6177,2025-02-18 01:00:00,2839.13,VISA_10_4_FRAUD,VISA,AXIS,DIGITAL_SAAS,A_ATTEMPTED,NOT_APPLICABLE,NONE,False,True,True,True,1,0,71,6,0
dsp_00116,pay_c8607e661d08,2025-02-18 14:00:00,268.63,VISA_13_3_DEFECTIVE,VISA,HDFC,FASHION_APPAREL,Y_AUTHENTICATED,DELIVERED,BLUEDART,True,False,True,True,0,4,87,7,1
dsp_00117,pay_2deea8a4280d,2025-02-19 21:00:00,694.05,MC_4837_FRAUD,MASTERCARD,HDFC,DIGITAL_SAAS,A_ATTEMPTED,NOT_APPLICABLE,NONE,False,True,False,True,0,1,60,14,0
dsp_00118,pay_8f4871e9498e,2025-02-19 00:00:00,1334.81,VISA_13_1_NOT_RECEIVED,VISA,AMEX_INTL,TRAVEL_HOTEL,U_UNAVAILABLE,UNKNOWN,DELHIVERY,False,True,False,False,5,0,49,11,0
dsp_00119,pay_cdb209d55af9,2025-02-19 19:00:00,5429.34,VISA_13_3_DEFECTIVE,VISA,ICICI,FOOD_DELIVERY,A_ATTEMPTED,DELIVERED,DTDC,True,False,True,False,0,3,14,13,1
dsp_00120,pay_b6e33020f4bf,2025-02-20 16:00:00,263.4,MC_4837_FRAUD,MASTERCARD,HDFC,FOOD_DELIVERY,U_UNAVAILABLE,DELIVERED,INDIAPOST,True,False,False,True,0,3,45,11,0
dsp_00121,pay_bda8f8ed16ee,2025-02-20 04:00:00,8091.01,VISA_13_1_NOT_RECEIVED,VISA,CITI_INTL,ECOMM_RETAIL,N_NOT_ENROLLED,RETURNED,DTDC,False,False,True,True,0,0,30,2,0
dsp_00122,pay_f06bd532aa01,2025-02-20 03:00:00,1452.44,MC_4837_FRAUD,MASTERCARD,AMEX_INTL,FOOD_DELIVERY,U_UNAVAILABLE,DELIVERED,BLUEDART,True,True,True,False,0,0,52,3,1
dsp_00123,pay_942fc4bbde48,2025-02-21 19:00:00,1093.77,VISA_13_1_NOT_RECEIVED,VISA,AMEX_INTL,FASHION_APPAREL,N_NOT_ENROLLED,UNKNOWN,DTDC,False,True,True,False,5,1,38,4,0
dsp_00124,pay_4b63aa379263,2025-02-21 10:00:00,1406.29,VISA_13_3_DEFECTIVE,VISA,ICICI,FASHION_APPAREL,A_ATTEMPTED,DELIVERED,DTDC,True,True,True,False,2,3,17,13,1
dsp_00125,pay_cd6ec199ba43,2025-02-21 14:00:00,2402.68,VISA_13_3_DEFECTIVE,VISA,HDFC,FASHION_APPAREL,U_UNAVAILABLE,DELIVERED,BLUEDART,True,True,True,True,5,6,66,2,0
dsp_00126,pay_bd218e8547f9,2025-02-22 14:00:00,29464.33,VISA_10_4_FRAUD,VISA,AXIS,DIGITAL_SAAS,U_UNAVAILABLE,NOT_APPLICABLE,NONE,False,True,True,True,3,4,59,11,1
dsp_00127,pay_cef91d6f2f8d,2025-02-22 04:00:00,2016.04,MC_4853_GOODS_SERVICES,MASTERCARD,SBI,DIGITAL_SAAS,A_ATTEMPTED,NOT_APPLICABLE,NONE,False,True,False,True,1,3,55,6,0
dsp_00128,pay_4623452cfc2d,2025-02-22 10:00:00,353.43,VISA_13_3_DEFECTIVE,VISA,ICICI,FASHION_APPAREL,N_NOT_ENROLLED,DELIVERED,DELHIVERY,True,True,False,True,0,6,26,11,1
dsp_00129,pay_376aab425d51,2025-02-22 06:00:00,3102.53,VISA_10_4_FRAUD,VISA,SBI,FASHION_APPAREL,Y_AUTHENTICATED,UNKNOWN,DTDC,False,True,True,True,2,4,71,6,1
dsp_00130,pay_3d9571b9c284,2025-02-23 11:00:00,1759.49,MC_4837_FRAUD,MASTERCARD,AXIS,TRAVEL_HOTEL,N_NOT_ENROLLED,DELIVERED,DELHIVERY,True,False,False,False,0,4,41,4,0
dsp_00131,pay_1e83bc85bd4e,2025-02-23 04:00:00,1402.37,VISA_10_4_FRAUD,VISA,SBI,DIGITAL_SAAS,N_NOT_ENROLLED,NOT_APPLICABLE,NONE,False,False,True,True,0,0,34,5,0
dsp_00132,pay_613611a06195,2025-02-23 03:00:00,240.14,VISA_13_3_DEFECTIVE,VISA,CITI_INTL,ECOMM_RETAIL,U_UNAVAILABLE,DELIVERED,INDIAPOST,True,False,False,False,0,2,80,7,0
dsp_00133,pay_b3f9920a85d1,2025-02-24 18:00:00,1473.7,VISA_10_4_FRAUD,VISA,KOTAK,DIGITAL_SAAS,A_ATTEMPTED,NOT_APPLICABLE,NONE,False,True,True,True,0,4,58,9,0
dsp_00134,pay_633872109857,2025-02-24 20:00:00,238.69,MC_4837_FRAUD,MASTERCARD,AMEX_INTL,TRAVEL_HOTEL,U_UNAVAILABLE,DELIVERED,FEDEX_INTL,True,True,True,True,3,2,84,10,1
dsp_00135,pay_50743b9f1506,2025-02-24 05:00:00,275.76,VISA_10_4_FRAUD,VISA,CITI_INTL,ECOMM_RETAIL,N_NOT_ENROLLED,UNKNOWN,DTDC,False,False,True,True,0,3,67,4,0
dsp_00136,pay_71ac0395e5e3,2025-02-25 04:00:00,2138.61,VISA_13_1_NOT_RECEIVED,VISA,KOTAK,FOOD_DELIVERY,U_UNAVAILABLE,DELIVERED,BLUEDART,True,False,True,True,0,1,40,14,1
dsp_00137,pay_28f41c0760a8,2025-02-25 13:00:00,315.98,VISA_13_1_NOT_RECEIVED,VISA,CITI_INTL,ELECTRONICS,N_NOT_ENROLLED,DELIVERED,INDIAPOST,False,True,True,True,1,6,66,8,1
dsp_00138,pay_599b19860dbf,2025-02-25 19:00:00,150.0,VISA_13_1_NOT_RECEIVED,VISA,ICICI,ELECTRONICS,Y_AUTHENTICATED,IN_TRANSIT,INDIAPOST,False,True,False,False,1,3,63,11,1
dsp_00139,pay_5572151ca3f6,2025-02-25 05:00:00,12007.92,MC_4853_GOODS_SERVICES,MASTERCARD,AMEX_INTL,TRAVEL_HOTEL,Y_AUTHENTICATED,RETURNED,FEDEX_INTL,False,True,True,True,0,0,38,4,0
dsp_00140,pay_f75e0c60abf6,2025-02-26 11:00:00,1140.75,MC_4837_FRAUD,MASTERCARD,ICICI,FASHION_APPAREL,A_ATTEMPTED,DELIVERED,BLUEDART,True,False,True,True,5,0,76,7,1
dsp_00141,pay_850cbba1a113,2025-02-26 18:00:00,4510.78,MC_4837_FRAUD,MASTERCARD,ICICI,ELECTRONICS,A_ATTEMPTED,UNKNOWN,DTDC,False,False,True,True,3,2,77,2,0
dsp_00142,pay_ef333d9f688c,2025-02-26 20:00:00,1771.45,VISA_10_4_FRAUD,VISA,CITI_INTL,ECOMM_RETAIL,U_UNAVAILABLE,DELIVERED,DTDC,True,False,True,True,5,3,74,2,1
dsp_00143,pay_a8a1df0e4b5c,2025-02-27 23:00:00,1927.83,VISA_13_1_NOT_RECEIVED,VISA,KOTAK,FASHION_APPAREL,N_NOT_ENROLLED,IN_TRANSIT,FEDEX_INTL,False,False,False,True,0,4,70,5,0
dsp_00144,pay_3010ca9254e9,2025-02-27 17:00:00,2881.8,VISA_13_3_DEFECTIVE,VISA,AMEX_INTL,ECOMM_RETAIL,N_NOT_ENROLLED,RETURNED,FEDEX_INTL,False,False,True,False,0,3,44,10,0
dsp_00145,pay_84a1561f7edc,2025-02-27 14:00:00,2536.01,MC_4853_GOODS_SERVICES,MASTERCARD,AXIS,TRAVEL_HOTEL,N_NOT_ENROLLED,DELIVERED,DTDC,False,True,False,True,5,0,23,6,1
dsp_00146,pay_4250a7794e4c,2025-02-28 14:00:00,298.63,MC_4853_GOODS_SERVICES,MASTERCARD,KOTAK,ELECTRONICS,N_NOT_ENROLLED,IN_TRANSIT,INDIAPOST,False,True,True,True,3,4,5,11,0
dsp_00147,pay_05a938280d9a,2025-02-28 08:00:00,1500.72,MC_4837_FRAUD,MASTERCARD,AXIS,FOOD_DELIVERY,Y_AUTHENTICATED,RETURNED,DTDC,False,True,True,True,3,1,72,12,0
dsp_00148,pay_603f26cc8129,2025-02-28 05:00:00,1000.16,VISA_10_4_FRAUD,VISA,KOTAK,DIGITAL_SAAS,N_NOT_ENROLLED,NOT_APPLICABLE,NONE,False,True,True,True,0,1,58,2,0
dsp_00149,pay_2473f7890a9a,2025-03-01 01:00:00,3901.78,VISA_13_1_NOT_RECEIVED,VISA,HDFC,ECOMM_RETAIL,A_ATTEMPTED,UNKNOWN,DELHIVERY,False,False,True,True,5,4,28,4,1
dsp_00150,pay_2e369d1092a0,2025-03-01 05:00:00,18170.15,VISA_10_4_FRAUD,VISA,HDFC,ECOMM_RETAIL,Y_AUTHENTICATED,IN_TRANSIT,FEDEX_INTL,False,True,False,True,0,3,79,7,0
dsp_00151,pay_d405e27a2aaf,2025-03-01 09:00:00,5418.36,VISA_13_3_DEFECTIVE,VISA,ICICI,DIGITAL_SAAS,Y_AUTHENTICATED,NOT_APPLICABLE,NONE,False,False,True,False,0,1,68,3,0
dsp_00152,pay_20ec7a0c604f,2025-03-01 05:00:00,713.67,MC_4853_GOODS_SERVICES,MASTERCARD,HDFC,FOOD_DELIVERY,U_UNAVAILABLE,DELIVERED,BLUEDART,True,True,False,True,0,1,52,14,1
dsp_00153,pay_4756fc5111cd,2025-03-02 10:00:00,524.86,MC_4837_FRAUD,MASTERCARD,AMEX_INTL,ECOMM_RETAIL,A_ATTEMPTED,RETURNED,DTDC,False,True,True,True,1,4,7,7,0
dsp_00154,pay_0bf00949130d,2025-03-02 09:00:00,52653.22,MC_4837_FRAUD,MASTERCARD,ICICI,FOOD_DELIVERY,U_UNAVAILABLE,DELIVERED,INDIAPOST,False,True,True,True,0,2,83,11,1
dsp_00155,pay_37a89d658636,2025-03-02 23:00:00,4774.45,MC_4837_FRAUD,MASTERCARD,SBI,FASHION_APPAREL,N_NOT_ENROLLED,DELIVERED,INDIAPOST,True,True,False,True,5,2,54,7,1
dsp_00156,pay_7a0c94497112,2025-03-03 04:00:00,2511.44,VISA_13_1_NOT_RECEIVED,VISA,CITI_INTL,FASHION_APPAREL,N_NOT_ENROLLED,RETURNED,DELHIVERY,False,True,True,True,0,6,17,14,0
dsp_00157,pay_a438f18b0865,2025-03-03 07:00:00,2019.94,VISA_13_3_DEFECTIVE,VISA,ICICI,ELECTRONICS,Y_AUTHENTICATED,UNKNOWN,FEDEX_INTL,False,False,False,True,1,1,73,14,0
dsp_00158,pay_7c0ceb54343c,2025-03-03 05:00:00,1038.41,MC_4837_FRAUD,MASTERCARD,AMEX_INTL,ECOMM_RETAIL,U_UNAVAILABLE,DELIVERED,INDIAPOST,True,False,False,False,0,0,48,6,0
dsp_00159,pay_f7ae995570c7,2025-03-04 05:00:00,631.86,MC_4853_GOODS_SERVICES,MASTERCARD,AMEX_INTL,FOOD_DELIVERY,N_NOT_ENROLLED,RETURNED,FEDEX_INTL,False,True,True,True,0,0,18,9,0
dsp_00160,pay_ed6103be8a3d,2025-03-04 12:00:00,613.49,VISA_13_3_DEFECTIVE,VISA,SBI,FASHION_APPAREL,Y_AUTHENTICATED,DELIVERED,DELHIVERY,False,True,True,True,0,4,51,14,1
dsp_00161,pay_f79f5d793ebf,2025-03-04 06:00:00,1262.43,MC_4837_FRAUD,MASTERCARD,KOTAK,ECOMM_RETAIL,Y_AUTHENTICATED,DELIVERED,FEDEX_INTL,True,False,True,True,1,2,22,9,1
dsp_00162,pay_98d71f7224e2,2025-03-04 10:00:00,2560.26,VISA_10_4_FRAUD,VISA,HDFC,FASHION_APPAREL,Y_AUTHENTICATED,IN_TRANSIT,FEDEX_INTL,False,True,True,True,3,0,60,12,0
dsp_00163,pay_62e945a4a441,2025-03-05 20:00:00,4340.72,VISA_13_3_DEFECTIVE,VISA,AMEX_INTL,DIGITAL_SAAS,U_UNAVAILABLE,NOT_APPLICABLE,NONE,False,True,True,True,0,0,44,6,0
dsp_00164,pay_58df54adbd71,2025-03-05 17:00:00,504.58,MC_4837_FRAUD,MASTERCARD,CITI_INTL,FASHION_APPAREL,U_UNAVAILABLE,DELIVERED,DTDC,True,True,True,True,1,0,6,4,0
dsp_00165,pay_44c424ec0f5e,2025-03-05 01:00:00,497.26,VISA_10_4_FRAUD,VISA,AXIS,FOOD_DELIVERY,A_ATTEMPTED,DELIVERED,DTDC,True,False,False,False,5,2,78,2,1
dsp_00166,pay_7e3d824541cf,2025-03-06 18:00:00,3333.52,MC_4837_FRAUD,MASTERCARD,HDFC,ECOMM_RETAIL,U_UNAVAILABLE,DELIVERED,DTDC,True,True,True,True,1,0,67,10,1
dsp_00167,pay_a73f78d04f60,2025-03-06 12:00:00,1692.36,VISA_13_3_DEFECTIVE,VISA,AXIS,ELECTRONICS,U_UNAVAILABLE,UNKNOWN,DELHIVERY,False,True,True,False,2,1,66,4,0
dsp_00168,pay_a1d06ce5b90e,2025-03-06 11:00:00,12395.33,MC_4837_FRAUD,MASTERCARD,SBI,ELECTRONICS,U_UNAVAILABLE,RETURNED,BLUEDART,False,True,False,False,0,1,63,3,0
dsp_00169,pay_0268f32df3c7,2025-03-07 16:00:00,607.33,MC_4837_FRAUD,MASTERCARD,SBI,ECOMM_RETAIL,A_ATTEMPTED,DELIVERED,DTDC,True,True,False,True,2,3,30,8,1
dsp_00170,pay_b4ecd4e6a9d5,2025-03-07 20:00:00,894.92,VISA_13_1_NOT_RECEIVED,VISA,AMEX_INTL,TRAVEL_HOTEL,A_ATTEMPTED,DELIVERED,DELHIVERY,True,True,True,True,1,1,15,7,1
dsp_00171,pay_4057c45e1bce,2025-03-07 06:00:00,2050.07,VISA_13_1_NOT_RECEIVED,VISA,KOTAK,FASHION_APPAREL,A_ATTEMPTED,DELIVERED,BLUEDART,True,True,True,True,1,1,31,7,1
dsp_00172,pay_d90f4b300244,2025-03-08 09:00:00,704.03,VISA_10_4_FRAUD,VISA,HDFC,FASHION_APPAREL,N_NOT_ENROLLED,RETURNED,BLUEDART,False,True,True,True,0,4,84,12,0
dsp_00173,pay_abc3e024a239,2025-03-08 21:00:00,2603.48,VISA_13_1_NOT_RECEIVED,VISA,AXIS,FASHION_APPAREL,A_ATTEMPTED,UNKNOWN,FEDEX_INTL,False,True,True,True,5,6,49,9,0
dsp_00174,pay_d9db29183534,2025-03-08 03:00:00,476.7,VISA_10_4_FRAUD,VISA,CITI_INTL,FASHION_APPAREL,A_ATTEMPTED,DELIVERED,INDIAPOST,False,True,True,True,0,0,85,11,0
dsp_00175,pay_01df6ee1b202,2025-03-08 13:00:00,3203.26,VISA_13_3_DEFECTIVE,VISA,CITI_INTL,FASHION_APPAREL,U_UNAVAILABLE,UNKNOWN,FEDEX_INTL,False,True,False,False,0,0,14,7,0
dsp_00176,pay_5dd20e4ee38d,2025-03-09 06:00:00,8689.72,VISA_13_1_NOT_RECEIVED,VISA,ICICI,TRAVEL_HOTEL,A_ATTEMPTED,DELIVERED,DELHIVERY,True,True,True,True,0,0,61,8,1
dsp_00177,pay_a600776eff8f,2025-03-09 07:00:00,723.34,MC_4837_FRAUD,MASTERCARD,KOTAK,DIGITAL_SAAS,Y_AUTHENTICATED,NOT_APPLICABLE,NONE,False,True,True,True,3,0,40,13,0
dsp_00178,pay_15f80edceead,2025-03-09 08:00:00,55766.36,MC_4837_FRAUD,MASTERCARD,CITI_INTL,DIGITAL_SAAS,Y_AUTHENTICATED,NOT_APPLICABLE,NONE,False,False,False,True,0,2,64,3,0
dsp_00179,pay_54927fd638a8,2025-03-10 12:00:00,2851.57,VISA_10_4_FRAUD,VISA,CITI_INTL,FASHION_APPAREL,U_UNAVAILABLE,DELIVERED,INDIAPOST,True,False,True,True,1,1,85,2,1
dsp_00180,pay_75b8d22f6960,2025-03-10 02:00:00,908.35,VISA_13_1_NOT_RECEIVED,VISA,ICICI,FOOD_DELIVERY,A_ATTEMPTED,DELIVERED,BLUEDART,True,True,True,True,1,0,20,4,1
dsp_00181,pay_4392492cc67c,2025-03-10 01:00:00,1031.15,VISA_13_3_DEFECTIVE,VISA,AMEX_INTL,ELECTRONICS,Y_AUTHENTICATED,RETURNED,DELHIVERY,False,False,False,True,2,0,13,7,0
dsp_00182,pay_65f3646e27ab,2025-03-11 18:00:00,206.48,MC_4853_GOODS_SERVICES,MASTERCARD,AMEX_INTL,DIGITAL_SAAS,U_UNAVAILABLE,NOT_APPLICABLE,NONE,False,True,True,True,0,0,70,10,0
dsp_00183,pay_debc13f178c0,2025-03-11 08:00:00,2330.09,VISA_10_4_FRAUD,VISA,AMEX_INTL,DIGITAL_SAAS,U_UNAVAILABLE,NOT_APPLICABLE,NONE,False,True,True,False,0,6,76,7,0
dsp_00184,pay_2c83a3dfaa23,2025-03-11 10:00:00,4568.99,MC_4837_FRAUD,MASTERCARD,SBI,TRAVEL_HOTEL,N_NOT_ENROLLED,DELIVERED,INDIAPOST,True,True,True,True,2,1,52,9,1
dsp_00185,pay_7ecf99b18a54,2025-03-11 16:00:00,1148.66,MC_4853_GOODS_SERVICES,MASTERCARD,AXIS,FOOD_DELIVERY,N_NOT_ENROLLED,UNKNOWN,DELHIVERY,False,True,True,True,0,0,29,12,0
dsp_00186,pay_481e3a3c9f19,2025-03-12 14:00:00,2901.8,VISA_13_1_NOT_RECEIVED,VISA,CITI_INTL,ELECTRONICS,Y_AUTHENTICATED,DELIVERED,INDIAPOST,False,True,True,True,0,1,60,2,1
dsp_00187,pay_dce5c05b627e,2025-03-12 06:00:00,2694.69,VISA_10_4_FRAUD,VISA,HDFC,FASHION_APPAREL,A_ATTEMPTED,RETURNED,INDIAPOST,False,True,True,False,0,3,69,14,0
dsp_00188,pay_db15b540cc28,2025-03-12 10:00:00,8076.01,MC_4853_GOODS_SERVICES,MASTERCARD,HDFC,FASHION_APPAREL,U_UNAVAILABLE,IN_TRANSIT,FEDEX_INTL,False,True,True,True,1,1,39,11,0
dsp_00189,pay_24cd78564ac9,2025-03-13 11:00:00,3325.16,MC_4837_FRAUD,MASTERCARD,KOTAK,ECOMM_RETAIL,Y_AUTHENTICATED,IN_TRANSIT,DELHIVERY,False,True,True,False,0,4,80,14,0
dsp_00190,pay_36c83468e9a9,2025-03-13 17:00:00,20193.4,MC_4853_GOODS_SERVICES,MASTERCARD,AXIS,DIGITAL_SAAS,A_ATTEMPTED,NOT_APPLICABLE,NONE,False,True,True,True,1,1,36,10,0
dsp_00191,pay_be5b243bfd3b,2025-03-13 07:00:00,681.25,VISA_13_1_NOT_RECEIVED,VISA,KOTAK,FASHION_APPAREL,U_UNAVAILABLE,RETURNED,DELHIVERY,False,True,False,True,0,1,13,8,0
dsp_00192,pay_529e168ee9c4,2025-03-14 21:00:00,4667.94,VISA_13_3_DEFECTIVE,VISA,AMEX_INTL,TRAVEL_HOTEL,A_ATTEMPTED,DELIVERED,DELHIVERY,True,True,False,False,0,2,65,3,1
dsp_00193,pay_e0fd04028d5e,2025-03-14 10:00:00,697.25,MC_4837_FRAUD,MASTERCARD,AXIS,FOOD_DELIVERY,Y_AUTHENTICATED,DELIVERED,DELHIVERY,True,False,True,True,1,1,4,7,1
dsp_00194,pay_bda015a52540,2025-03-14 04:00:00,516.6,VISA_13_3_DEFECTIVE,VISA,AMEX_INTL,TRAVEL_HOTEL,U_UNAVAILABLE,DELIVERED,DELHIVERY,True,False,False,True,1,2,29,4,0
dsp_00195,pay_c144dfa9a2f0,2025-03-15 14:00:00,1693.16,VISA_10_4_FRAUD,VISA,AMEX_INTL,TRAVEL_HOTEL,U_UNAVAILABLE,UNKNOWN,BLUEDART,False,True,True,True,2,4,11,7,0
dsp_00196,pay_1a189b80ec9b,2025-03-15 07:00:00,3502.07,MC_4837_FRAUD,MASTERCARD,AMEX_INTL,TRAVEL_HOTEL,Y_AUTHENTICATED,DELIVERED,BLUEDART,True,True,True,True,0,0,69,3,0
dsp_00197,pay_5a1804864d4b,2025-03-15 22:00:00,3856.56,VISA_10_4_FRAUD,VISA,CITI_INTL,ECOMM_RETAIL,A_ATTEMPTED,DELIVERED,BLUEDART,True,True,True,True,5,1,75,8,1
dsp_00198,pay_f7a2e080dd89,2025-03-15 13:00:00,3134.64,VISA_10_4_FRAUD,VISA,KOTAK,ELECTRONICS,U_UNAVAILABLE,RETURNED,BLUEDART,False,True,True,True,0,0,9,11,0
dsp_00199,pay_e64be5403bbc,2025-03-16 00:00:00,39617.29,VISA_10_4_FRAUD,VISA,KOTAK,FOOD_DELIVERY,Y_AUTHENTICATED,DELIVERED,BLUEDART,True,False,True,True,0,1,69,9,1
dsp_00200,pay_c7be91b3852c,2025-03-16 10:00:00,8512.02,VISA_13_3_DEFECTIVE,VISA,ICICI,FASHION_APPAREL,U_UNAVAILABLE,UNKNOWN,DELHIVERY,False,True,False,True,0,3,62,13,0
dsp_00201,pay_ebf5b73a2f09,2025-03-16 08:00:00,2990.98,VISA_13_3_DEFECTIVE,VISA,SBI,ELECTRONICS,N_NOT_ENROLLED,DELIVERED,DTDC,True,True,False,True,0,0,52,9,0
dsp_00202,pay_021da6d9c047,2025-03-17 03:00:00,2472.3,VISA_13_3_DEFECTIVE,VISA,HDFC,ECOMM_RETAIL,Y_AUTHENTICATED,DELIVERED,DTDC,False,True,False,True,0,0,54,13,1
dsp_00203,pay_c6034c6f3703,2025-03-17 07:00:00,564.67,VISA_13_3_DEFECTIVE,VISA,AMEX_INTL,ELECTRONICS,A_ATTEMPTED,DELIVERED,INDIAPOST,True,True,False,True,0,3,43,11,0
dsp_00204,pay_afc446244fdd,2025-03-17 21:00:00,2667.21,MC_4853_GOODS_SERVICES,MASTERCARD,SBI,FASHION_APPAREL,U_UNAVAILABLE,IN_TRANSIT,DTDC,False,False,True,True,0,2,45,13,0
dsp_00205,pay_a43a3ed1cba3,2025-03-18 03:00:00,4659.62,VISA_10_4_FRAUD,VISA,CITI_INTL,ECOMM_RETAIL,Y_AUTHENTICATED,DELIVERED,DTDC,True,False,False,True,2,0,7,2,1
dsp_00206,pay_1de9601a0f1d,2025-03-18 16:00:00,4667.64,MC_4853_GOODS_SERVICES,MASTERCARD,KOTAK,DIGITAL_SAAS,A_ATTEMPTED,NOT_APPLICABLE,NONE,False,True,False,True,0,2,60,4,0
dsp_00207,pay_c6c4356f23ef,2025-03-18 11:00:00,246.69,VISA_10_4_FRAUD,VISA,KOTAK,FASHION_APPAREL,A_ATTEMPTED,DELIVERED,FEDEX_INTL,True,True,True,True,1,4,33,9,1
dsp_00208,pay_0f87d989720a,2025-03-18 15:00:00,639.62,MC_4837_FRAUD,MASTERCARD,HDFC,ECOMM_RETAIL,A_ATTEMPTED,UNKNOWN,INDIAPOST,False,False,True,True,0,0,54,7,0
dsp_00209,pay_32d7570dfe9e,2025-03-19 09:00:00,739.53,VISA_13_3_DEFECTIVE,VISA,SBI,DIGITAL_SAAS,N_NOT_ENROLLED,NOT_APPLICABLE,NONE,False,False,False,True,0,1,26,8,0
dsp_00210,pay_23ff0b4f6469,2025-03-19 08:00:00,22657.85,MC_4853_GOODS_SERVICES,MASTERCARD,AMEX_INTL,DIGITAL_SAAS,N_NOT_ENROLLED,NOT_APPLICABLE,NONE,False,True,True,True,0,1,73,2,0
dsp_00211,pay_48256dd6f08b,2025-03-19 13:00:00,241.97,VISA_10_4_FRAUD,VISA,AMEX_INTL,FOOD_DELIVERY,Y_AUTHENTICATED,DELIVERED,DELHIVERY,False,False,True,True,0,6,58,9,0
dsp_00212,pay_d1926502babf,2025-03-20 05:00:00,1043.46,MC_4837_FRAUD,MASTERCARD,AMEX_INTL,DIGITAL_SAAS,U_UNAVAILABLE,NOT_APPLICABLE,NONE,False,True,True,True,1,6,84,10,0
dsp_00213,pay_1ac125eef26d,2025-03-20 16:00:00,198.17,VISA_13_3_DEFECTIVE,VISA,ICICI,ECOMM_RETAIL,N_NOT_ENROLLED,DELIVERED,BLUEDART,True,True,True,True,3,6,33,4,1
dsp_00214,pay_6357e4d41eb1,2025-03-20 03:00:00,1039.78,VISA_13_3_DEFECTIVE,VISA,ICICI,FOOD_DELIVERY,U_UNAVAILABLE,DELIVERED,FEDEX_INTL,False,True,True,True,1,3,63,8,1
dsp_00215,pay_286701763864,2025-03-21 04:00:00,1731.96,MC_4837_FRAUD,MASTERCARD,SBI,ECOMM_RETAIL,U_UNAVAILABLE,IN_TRANSIT,BLUEDART,False,True,True,True,1,4,14,5,0
dsp_00216,pay_81ab17f79dce,2025-03-21 12:00:00,4533.03,MC_4853_GOODS_SERVICES,MASTERCARD,SBI,FASHION_APPAREL,N_NOT_ENROLLED,DELIVERED,INDIAPOST,True,False,True,True,1,3,5,14,0
dsp_00217,pay_69d06cc19f39,2025-03-21 19:00:00,5449.66,MC_4837_FRAUD,MASTERCARD,HDFC,TRAVEL_HOTEL,Y_AUTHENTICATED,IN_TRANSIT,DTDC,False,True,True,False,1,3,42,3,1
dsp_00218,pay_1d40beead6da,2025-03-22 15:00:00,1832.03,VISA_13_3_DEFECTIVE,VISA,CITI_INTL,DIGITAL_SAAS,N_NOT_ENROLLED,NOT_APPLICABLE,NONE,False,True,True,False,3,4,13,14,0
dsp_00219,pay_381f923a54ab,2025-03-22 08:00:00,4100.53,VISA_10_4_FRAUD,VISA,SBI,ECOMM_RETAIL,N_NOT_ENROLLED,DELIVERED,FEDEX_INTL,True,True,True,True,0,4,58,11,1
dsp_00220,pay_c4123b3fd10b,2025-03-22 21:00:00,258.19,VISA_13_1_NOT_RECEIVED,VISA,SBI,FOOD_DELIVERY,U_UNAVAILABLE,IN_TRANSIT,FEDEX_INTL,False,True,True,True,1,1,68,11,0
dsp_00221,pay_0eaa1476d589,2025-03-22 19:00:00,3293.63,VISA_13_1_NOT_RECEIVED,VISA,HDFC,DIGITAL_SAAS,A_ATTEMPTED,NOT_APPLICABLE,NONE,False,False,True,True,3,1,10,12,1
dsp_00222,pay_c3d6fda15c5a,2025-03-23 06:00:00,10809.16,MC_4853_GOODS_SERVICES,MASTERCARD,AMEX_INTL,DIGITAL_SAAS,U_UNAVAILABLE,NOT_APPLICABLE,NONE,False,False,True,True,1,6,52,13,0
dsp_00223,pay_c5d352368b39,2025-03-23 01:00:00,27655.78,VISA_13_1_NOT_RECEIVED,VISA,AMEX_INTL,ECOMM_RETAIL,N_NOT_ENROLLED,DELIVERED,FEDEX_INTL,True,True,True,False,3,0,56,8,1
dsp_00224,pay_af60bac0ed61,2025-03-23 05:00:00,1628.88,MC_4853_GOODS_SERVICES,MASTERCARD,KOTAK,ELECTRONICS,U_UNAVAILABLE,DELIVERED,BLUEDART,False,True,False,False,0,3,76,4,1
dsp_00225,pay_a6f02a4f22ac,2025-03-24 09:00:00,673.68,MC_4837_FRAUD,MASTERCARD,AMEX_INTL,FOOD_DELIVERY,Y_AUTHENTICATED,DELIVERED,INDIAPOST,True,True,False,True,1,3,82,7,1
dsp_00226,pay_6e949640c467,2025-03-24 09:00:00,1428.25,MC_4837_FRAUD,MASTERCARD,HDFC,TRAVEL_HOTEL,N_NOT_ENROLLED,DELIVERED,INDIAPOST,True,True,True,True,0,1,53,6,1
dsp_00227,pay_51f80ed616ae,2025-03-24 16:00:00,795.15,MC_4837_FRAUD,MASTERCARD,KOTAK,TRAVEL_HOTEL,N_NOT_ENROLLED,UNKNOWN,BLUEDART,False,True,True,True,0,4,34,11,0
dsp_00228,pay_b14f2ea46b5a,2025-03-25 05:00:00,553.64,VISA_13_1_NOT_RECEIVED,VISA,SBI,ECOMM_RETAIL,U_UNAVAILABLE,DELIVERED,FEDEX_INTL,False,True,False,False,1,0,37,14,0
dsp_00229,pay_9f9548b9d1d8,2025-03-25 00:00:00,564.94,VISA_13_1_NOT_RECEIVED,VISA,AXIS,TRAVEL_HOTEL,Y_AUTHENTICATED,DELIVERED,INDIAPOST,True,True,True,True,3,4,9,14,1
dsp_00230,pay_c11b10bb2306,2025-03-25 05:00:00,670.37,VISA_13_1_NOT_RECEIVED,VISA,AXIS,FASHION_APPAREL,U_UNAVAILABLE,DELIVERED,DELHIVERY,True,True,False,True,0,1,38,10,0
dsp_00231,pay_825a46898195,2025-03-25 07:00:00,1119.39,VISA_10_4_FRAUD,VISA,AXIS,FOOD_DELIVERY,U_UNAVAILABLE,DELIVERED,DTDC,True,True,True,True,0,2,72,7,1
dsp_00232,pay_220b172d6c56,2025-03-26 04:00:00,215.27,VISA_13_1_NOT_RECEIVED,VISA,CITI_INTL,FASHION_APPAREL,Y_AUTHENTICATED,DELIVERED,DTDC,True,False,True,True,2,0,46,12,1
dsp_00233,pay_a15d3b9bf24b,2025-03-26 12:00:00,524.04,MC_4853_GOODS_SERVICES,MASTERCARD,AXIS,FOOD_DELIVERY,A_ATTEMPTED,RETURNED,FEDEX_INTL,False,True,True,False,3,2,41,8,1
dsp_00234,pay_93e02b06b20d,2025-03-26 15:00:00,4926.84,VISA_13_3_DEFECTIVE,VISA,AMEX_INTL,FASHION_APPAREL,A_ATTEMPTED,DELIVERED,DTDC,False,False,True,True,0,4,80,4,0
dsp_00235,pay_bcf4c893daeb,2025-03-27 15:00:00,1960.72,MC_4837_FRAUD,MASTERCARD,HDFC,ELECTRONICS,N_NOT_ENROLLED,DELIVERED,INDIAPOST,True,True,True,True,0,1,69,4,1
dsp_00236,pay_2acbf06ac5e0,2025-03-27 16:00:00,1475.19,VISA_13_3_DEFECTIVE,VISA,CITI_INTL,TRAVEL_HOTEL,Y_AUTHENTICATED,DELIVERED,DTDC,False,False,True,True,1,3,33,13,1
dsp_00237,pay_ae8122495ef1,2025-03-27 00:00:00,649.68,VISA_13_3_DEFECTIVE,VISA,AXIS,FASHION_APPAREL,N_NOT_ENROLLED,DELIVERED,BLUEDART,True,True,True,False,0,6,4,4,0
dsp_00238,pay_668b98543dbc,2025-03-28 01:00:00,1127.36,VISA_13_3_DEFECTIVE,VISA,AXIS,FASHION_APPAREL,A_ATTEMPTED,RETURNED,INDIAPOST,False,True,False,True,2,1,62,10,0
dsp_00239,pay_5c556310cac9,2025-03-28 22:00:00,5255.09,MC_4837_FRAUD,MASTERCARD,ICICI,ELECTRONICS,U_UNAVAILABLE,RETURNED,INDIAPOST,False,True,True,True,2,2,20,8,0
dsp_00240,pay_16fbb47eb509,2025-03-28 19:00:00,1082.39,VISA_13_3_DEFECTIVE,VISA,SBI,FASHION_APPAREL,Y_AUTHENTICATED,DELIVERED,DTDC,True,True,True,True,2,0,54,6,1
dsp_00241,pay_459f53ae42c2,2025-03-29 17:00:00,1689.64,VISA_13_1_NOT_RECEIVED,VISA,ICICI,DIGITAL_SAAS,A_ATTEMPTED,NOT_APPLICABLE,NONE,False,True,False,True,3,1,43,14,1
dsp_00242,pay_4f2802c34237,2025-03-29 15:00:00,1327.4,VISA_13_1_NOT_RECEIVED,VISA,SBI,FASHION_APPAREL,Y_AUTHENTICATED,DELIVERED,INDIAPOST,True,True,True,True,0,6,6,4,0
dsp_00243,pay_12025c0d1f90,2025-03-29 10:00:00,912.57,VISA_13_1_NOT_RECEIVED,VISA,AMEX_INTL,ELECTRONICS,Y_AUTHENTICATED,DELIVERED,DELHIVERY,True,True,True,True,0,0,30,3,1
dsp_00244,pay_aa80e871c45d,2025-03-29 13:00:00,2588.16,VISA_13_3_DEFECTIVE,VISA,AMEX_INTL,DIGITAL_SAAS,Y_AUTHENTICATED,NOT_APPLICABLE,NONE,False,True,True,True,3,6,56,9,1
dsp_00245,pay_40f79a1e8b61,2025-03-30 09:00:00,5794.11,MC_4853_GOODS_SERVICES,MASTERCARD,AMEX_INTL,FASHION_APPAREL,N_NOT_ENROLLED,DELIVERED,DELHIVERY,False,True,False,False,0,1,61,6,0
dsp_00246,pay_4437271354ac,2025-03-30 15:00:00,814.44,MC_4837_FRAUD,MASTERCARD,KOTAK,FOOD_DELIVERY,Y_AUTHENTICATED,IN_TRANSIT,INDIAPOST,False,True,True,False,0,0,24,12,0
dsp_00247,pay_0126cc9ee912,2025-03-30 18:00:00,1680.39,MC_4853_GOODS_SERVICES,MASTERCARD,AMEX_INTL,ECOMM_RETAIL,Y_AUTHENTICATED,RETURNED,DTDC,False,True,True,True,0,1,44,9,0
dsp_00248,pay_1b57329e701c,2025-03-31 08:00:00,11329.62,MC_4837_FRAUD,MASTERCARD,AMEX_INTL,FOOD_DELIVERY,N_NOT_ENROLLED,RETURNED,INDIAPOST,False,True,True,False,5,0,3,10,0
dsp_00249,pay_f5bfcf1f5585,2025-03-31 23:00:00,2909.37,VISA_10_4_FRAUD,VISA,CITI_INTL,DIGITAL_SAAS,Y_AUTHENTICATED,NOT_APPLICABLE,NONE,False,False,False,True,0,3,83,13,0
dsp_00250,pay_7f331c8f82a7,2025-03-31 03:00:00,1213.26,VISA_10_4_FRAUD,VISA,SBI,TRAVEL_HOTEL,Y_AUTHENTICATED,IN_TRANSIT,DELHIVERY,False,True,False,True,0,4,87,10,1
dsp_00251,pay_e6bc73a6f53f,2025-04-01 22:00:00,4770.74,VISA_13_3_DEFECTIVE,VISA,CITI_INTL,ELECTRONICS,Y_AUTHENTICATED,IN_TRANSIT,FEDEX_INTL,False,True,True,True,0,1,25,3,0
dsp_00252,pay_47e49c04ac30,2025-04-01 22:00:00,1010.31,VISA_13_1_NOT_RECEIVED,VISA,CITI_INTL,FASHION_APPAREL,U_UNAVAILABLE,DELIVERED,DTDC,True,True,True,True,0,0,23,11,1
dsp_00253,pay_370755e62c4c,2025-04-01 04:00:00,834.35,MC_4837_FRAUD,MASTERCARD,AMEX_INTL,TRAVEL_HOTEL,Y_AUTHENTICATED,DELIVERED,FEDEX_INTL,True,True,True,True,1,0,77,4,1
dsp_00254,pay_f1f1bfe6d199,2025-04-01 23:00:00,150.0,VISA_13_1_NOT_RECEIVED,VISA,CITI_INTL,ECOMM_RETAIL,Y_AUTHENTICATED,DELIVERED,DTDC,True,True,True,False,2,4,28,5,1
dsp_00255,pay_dbc736c4f1b7,2025-04-02 12:00:00,4320.97,VISA_13_1_NOT_RECEIVED,VISA,CITI_INTL,FOOD_DELIVERY,Y_AUTHENTICATED,DELIVERED,INDIAPOST,True,True,False,True,0,2,12,8,1
dsp_00256,pay_a2bb51a82cdb,2025-04-02 13:00:00,18790.98,VISA_10_4_FRAUD,VISA,KOTAK,FASHION_APPAREL,A_ATTEMPTED,DELIVERED,DTDC,True,True,True,True,0,6,64,3,1
dsp_00257,pay_fc52a7ecbd94,2025-04-02 13:00:00,1742.55,MC_4837_FRAUD,MASTERCARD,ICICI,FOOD_DELIVERY,N_NOT_ENROLLED,RETURNED,INDIAPOST,False,True,False,False,0,0,30,7,0
dsp_00258,pay_4bec93c67c41,2025-04-03 15:00:00,11548.13,MC_4853_GOODS_SERVICES,MASTERCARD,KOTAK,ECOMM_RETAIL,U_UNAVAILABLE,IN_TRANSIT,DTDC,False,True,True,True,0,0,21,12,1
dsp_00259,pay_c5539bac244f,2025-04-03 03:00:00,1684.37,VISA_13_1_NOT_RECEIVED,VISA,SBI,DIGITAL_SAAS,Y_AUTHENTICATED,NOT_APPLICABLE,NONE,False,True,True,True,0,0,8,11,1
dsp_00260,pay_d608fbcb2724,2025-04-03 10:00:00,19136.5,VISA_10_4_FRAUD,VISA,AMEX_INTL,ECOMM_RETAIL,U_UNAVAILABLE,IN_TRANSIT,BLUEDART,False,True,True,True,2,1,22,5,0
dsp_00261,pay_80bc94688e30,2025-04-04 19:00:00,5911.75,MC_4837_FRAUD,MASTERCARD,AMEX_INTL,ELECTRONICS,A_ATTEMPTED,DELIVERED,DTDC,False,False,False,True,1,0,36,13,0
dsp_00262,pay_a2f1e2548e87,2025-04-04 23:00:00,1473.67,MC_4837_FRAUD,MASTERCARD,ICICI,ECOMM_RETAIL,Y_AUTHENTICATED,UNKNOWN,FEDEX_INTL,False,True,False,True,2,4,58,5,0
dsp_00263,pay_1a5200e9d06e,2025-04-04 10:00:00,3242.77,VISA_10_4_FRAUD,VISA,ICICI,ELECTRONICS,N_NOT_ENROLLED,DELIVERED,BLUEDART,True,True,True,True,2,0,69,4,1
dsp_00264,pay_990e1652cee8,2025-04-04 16:00:00,3386.03,MC_4853_GOODS_SERVICES,MASTERCARD,SBI,TRAVEL_HOTEL,A_ATTEMPTED,DELIVERED,DELHIVERY,True,True,True,True,1,3,85,11,1
dsp_00265,pay_ac07e1da666e,2025-04-05 16:00:00,7436.39,VISA_10_4_FRAUD,VISA,AXIS,TRAVEL_HOTEL,N_NOT_ENROLLED,UNKNOWN,INDIAPOST,False,False,True,False,0,0,54,5,0
dsp_00266,pay_96a0da86495d,2025-04-05 04:00:00,2319.95,VISA_10_4_FRAUD,VISA,CITI_INTL,ECOMM_RETAIL,N_NOT_ENROLLED,DELIVERED,FEDEX_INTL,True,True,True,True,0,1,13,12,1
dsp_00267,pay_0d91c43e2d05,2025-04-05 20:00:00,1027.63,VISA_10_4_FRAUD,VISA,AXIS,ELECTRONICS,U_UNAVAILABLE,UNKNOWN,DELHIVERY,False,True,False,True,5,0,8,9,1
dsp_00268,pay_c4aa63237d6b,2025-04-06 16:00:00,463.81,VISA_13_1_NOT_RECEIVED,VISA,AMEX_INTL,FASHION_APPAREL,N_NOT_ENROLLED,DELIVERED,DTDC,False,True,True,True,0,4,34,11,1
dsp_00269,pay_76342c1f4643,2025-04-06 18:00:00,382.91,VISA_13_1_NOT_RECEIVED,VISA,CITI_INTL,ELECTRONICS,Y_AUTHENTICATED,DELIVERED,FEDEX_INTL,False,False,True,True,0,2,28,5,0
dsp_00270,pay_1aeae8e0948a,2025-04-06 04:00:00,2697.98,MC_4837_FRAUD,MASTERCARD,SBI,ELECTRONICS,N_NOT_ENROLLED,IN_TRANSIT,DELHIVERY,False,True,False,False,1,4,83,6,0
dsp_00271,pay_60f0ddadf33f,2025-04-07 20:00:00,1924.07,VISA_13_3_DEFECTIVE,VISA,ICICI,ECOMM_RETAIL,Y_AUTHENTICATED,DELIVERED,FEDEX_INTL,True,True,False,True,0,6,61,9,0
dsp_00272,pay_9889ea13dce4,2025-04-07 03:00:00,2455.86,VISA_10_4_FRAUD,VISA,SBI,FOOD_DELIVERY,A_ATTEMPTED,IN_TRANSIT,FEDEX_INTL,False,False,True,True,0,0,73,12,0
dsp_00273,pay_202f5e0c6789,2025-04-07 08:00:00,712.11,VISA_13_3_DEFECTIVE,VISA,ICICI,ECOMM_RETAIL,Y_AUTHENTICATED,IN_TRANSIT,BLUEDART,False,True,True,True,0,1,24,14,0
dsp_00274,pay_034323e4a5d1,2025-04-08 06:00:00,631.9,MC_4837_FRAUD,MASTERCARD,AMEX_INTL,TRAVEL_HOTEL,A_ATTEMPTED,DELIVERED,DELHIVERY,True,True,False,False,1,6,44,5,1
dsp_00275,pay_2cb498c16cb4,2025-04-08 22:00:00,2852.72,VISA_13_3_DEFECTIVE,VISA,ICICI,TRAVEL_HOTEL,Y_AUTHENTICATED,DELIVERED,FEDEX_INTL,True,True,True,True,0,0,28,11,1
dsp_00276,pay_eab859f1daab,2025-04-08 01:00:00,674.38,MC_4853_GOODS_SERVICES,MASTERCARD,CITI_INTL,DIGITAL_SAAS,U_UNAVAILABLE,NOT_APPLICABLE,NONE,False,True,False,True,0,2,58,4,0
dsp_00277,pay_a8d8838939f6,2025-04-08 04:00:00,1252.08,VISA_13_3_DEFECTIVE,VISA,HDFC,ELECTRONICS,U_UNAVAILABLE,DELIVERED,DTDC,True,True,True,True,1,0,75,4,1
dsp_00278,pay_44bb0b2a5076,2025-04-09 15:00:00,6126.46,VISA_13_3_DEFECTIVE,VISA,SBI,FASHION_APPAREL,N_NOT_ENROLLED,RETURNED,INDIAPOST,False,True,True,True,0,6,68,6,1
dsp_00279,pay_7ef71d49a53b,2025-04-09 03:00:00,603.36,MC_4853_GOODS_SERVICES,MASTERCARD,AXIS,ELECTRONICS,U_UNAVAILABLE,UNKNOWN,DELHIVERY,False,True,True,True,2,0,44,2,0
dsp_00280,pay_9c2f999d0126,2025-04-09 14:00:00,3480.57,MC_4837_FRAUD,MASTERCARD,KOTAK,DIGITAL_SAAS,A_ATTEMPTED,NOT_APPLICABLE,NONE,False,True,False,True,3,0,10,3,0
dsp_00281,pay_ef537406415b,2025-04-10 19:00:00,656.83,MC_4837_FRAUD,MASTERCARD,AXIS,FASHION_APPAREL,Y_AUTHENTICATED,UNKNOWN,FEDEX_INTL,False,False,True,True,0,2,8,4,0
dsp_00282,pay_01a46b5e939f,2025-04-10 22:00:00,13005.95,VISA_10_4_FRAUD,VISA,SBI,DIGITAL_SAAS,N_NOT_ENROLLED,NOT_APPLICABLE,NONE,False,False,True,False,5,2,32,4,0
dsp_00283,pay_86633d79733c,2025-04-10 16:00:00,1241.84,VISA_13_3_DEFECTIVE,VISA,CITI_INTL,TRAVEL_HOTEL,Y_AUTHENTICATED,IN_TRANSIT,FEDEX_INTL,False,True,True,True,2,2,80,3,0
dsp_00284,pay_ac89fe5053db,2025-04-11 00:00:00,1119.16,MC_4853_GOODS_SERVICES,MASTERCARD,AXIS,FASHION_APPAREL,N_NOT_ENROLLED,DELIVERED,DTDC,True,True,True,True,3,2,30,3,1
dsp_00285,pay_66aafc78feeb,2025-04-11 09:00:00,998.55,VISA_10_4_FRAUD,VISA,HDFC,FOOD_DELIVERY,N_NOT_ENROLLED,DELIVERED,FEDEX_INTL,True,True,True,True,3,2,60,2,1
dsp_00286,pay_549f1693fdb9,2025-04-11 21:00:00,73586.34,VISA_13_3_DEFECTIVE,VISA,AMEX_INTL,FASHION_APPAREL,N_NOT_ENROLLED,IN_TRANSIT,BLUEDART,False,True,True,True,5,6,41,8,1
dsp_00287,pay_c9d6dbd97dc2,2025-04-11 05:00:00,1489.11,MC_4853_GOODS_SERVICES,MASTERCARD,ICICI,TRAVEL_HOTEL,U_UNAVAILABLE,UNKNOWN,FEDEX_INTL,False,True,True,False,0,1,77,10,0
dsp_00288,pay_236673fd32fe,2025-04-12 01:00:00,1952.69,MC_4853_GOODS_SERVICES,MASTERCARD,CITI_INTL,DIGITAL_SAAS,N_NOT_ENROLLED,NOT_APPLICABLE,NONE,False,True,True,True,2,0,60,12,1
dsp_00289,pay_1f8c35c4fd45,2025-04-12 11:00:00,495.34,VISA_13_1_NOT_RECEIVED,VISA,AXIS,FASHION_APPAREL,Y_AUTHENTICATED,RETURNED,DTDC,False,False,False,True,0,1,26,6,0
dsp_00290,pay_0511493458ef,2025-04-12 15:00:00,601.57,MC_4853_GOODS_SERVICES,MASTERCARD,AMEX_INTL,TRAVEL_HOTEL,U_UNAVAILABLE,DELIVERED,FEDEX_INTL,True,True,False,True,0,0,9,11,0
dsp_00291,pay_dbbb99c04e29,2025-04-13 10:00:00,150.0,VISA_10_4_FRAUD,VISA,SBI,ELECTRONICS,U_UNAVAILABLE,DELIVERED,DELHIVERY,True,False,True,True,0,0,63,10,0
dsp_00292,pay_c23efc48334a,2025-04-13 18:00:00,897.25,MC_4837_FRAUD,MASTERCARD,HDFC,ECOMM_RETAIL,Y_AUTHENTICATED,DELIVERED,FEDEX_INTL,False,False,False,True,0,0,71,3,1
dsp_00293,pay_ae4c751e2d4c,2025-04-13 09:00:00,1757.93,VISA_13_1_NOT_RECEIVED,VISA,HDFC,TRAVEL_HOTEL,Y_AUTHENTICATED,IN_TRANSIT,BLUEDART,False,True,False,True,0,4,46,7,1
dsp_00294,pay_359a8f739f3f,2025-04-14 10:00:00,1323.09,MC_4853_GOODS_SERVICES,MASTERCARD,CITI_INTL,DIGITAL_SAAS,U_UNAVAILABLE,NOT_APPLICABLE,NONE,False,False,True,False,0,1,64,6,0
dsp_00295,pay_47b59ae2d3c2,2025-04-14 04:00:00,1164.42,MC_4837_FRAUD,MASTERCARD,SBI,TRAVEL_HOTEL,U_UNAVAILABLE,DELIVERED,DTDC,True,True,False,True,0,2,35,9,0
dsp_00296,pay_308fa3db2511,2025-04-14 03:00:00,2075.92,VISA_13_3_DEFECTIVE,VISA,CITI_INTL,FOOD_DELIVERY,A_ATTEMPTED,UNKNOWN,INDIAPOST,False,True,True,True,5,3,52,2,1
dsp_00297,pay_7016c79d1a07,2025-04-15 11:00:00,17198.26,VISA_13_1_NOT_RECEIVED,VISA,KOTAK,TRAVEL_HOTEL,Y_AUTHENTICATED,UNKNOWN,BLUEDART,False,False,False,True,5,6,76,9,1
dsp_00298,pay_ea83cb1d4899,2025-04-15 04:00:00,18215.27,MC_4853_GOODS_SERVICES,MASTERCARD,HDFC,FASHION_APPAREL,A_ATTEMPTED,RETURNED,INDIAPOST,False,True,True,True,5,0,75,6,1
dsp_00299,pay_d59d439f4afe,2025-04-15 00:00:00,4209.2,VISA_13_3_DEFECTIVE,VISA,KOTAK,TRAVEL_HOTEL,A_ATTEMPTED,RETURNED,DTDC,False,True,True,True,0,0,32,5,0
dsp_00300,pay_6dbf1227b5c5,2025-04-15 21:00:00,373.14,MC_4837_FRAUD,MASTERCARD,AXIS,DIGITAL_SAAS,A_ATTEMPTED,NOT_APPLICABLE,NONE,False,False,True,True,0,4,78,7,0
dsp_00301,pay_0e910361eb7a,2025-04-16 06:00:00,3500.01,VISA_13_1_NOT_RECEIVED,VISA,AMEX_INTL,DIGITAL_SAAS,N_NOT_ENROLLED,NOT_APPLICABLE,NONE,False,True,True,False,5,2,55,11,1
dsp_00302,pay_213240adae59,2025-04-16 12:00:00,8708.44,MC_4837_FRAUD,MASTERCARD,AMEX_INTL,ECOMM_RETAIL,A_ATTEMPTED,IN_TRANSIT,FEDEX_INTL,False,True,False,True,5,0,29,5,0
dsp_00303,pay_db3e25e10983,2025-04-16 03:00:00,1719.59,MC_4853_GOODS_SERVICES,MASTERCARD,CITI_INTL,TRAVEL_HOTEL,Y_AUTHENTICATED,DELIVERED,DELHIVERY,False,True,False,True,2,1,81,13,1
dsp_00304,pay_5eb0ce5c7fbe,2025-04-17 19:00:00,3094.12,VISA_13_3_DEFECTIVE,VISA,CITI_INTL,ECOMM_RETAIL,A_ATTEMPTED,DELIVERED,FEDEX_INTL,True,True,False,False,1,4,79,11,1
dsp_00305,pay_a2b81bf74a60,2025-04-17 06:00:00,1835.54,VISA_10_4_FRAUD,VISA,AMEX_INTL,ELECTRONICS,A_ATTEMPTED,UNKNOWN,DTDC,False,True,True,True,0,2,24,4,0
dsp_00306,pay_c678a4b1af4d,2025-04-17 05:00:00,1580.35,MC_4853_GOODS_SERVICES,MASTERCARD,KOTAK,FASHION_APPAREL,N_NOT_ENROLLED,DELIVERED,BLUEDART,True,True,False,True,1,2,27,5,1
dsp_00307,pay_2a6659d5a15b,2025-04-18 08:00:00,1502.91,VISA_13_3_DEFECTIVE,VISA,ICICI,TRAVEL_HOTEL,U_UNAVAILABLE,IN_TRANSIT,DELHIVERY,False,True,False,True,0,2,70,9,0
dsp_00308,pay_c536b8cff214,2025-04-18 09:00:00,233.94,VISA_13_1_NOT_RECEIVED,VISA,CITI_INTL,FASHION_APPAREL,N_NOT_ENROLLED,IN_TRANSIT,BLUEDART,False,True,False,True,1,0,7,7,0
dsp_00309,pay_4f5513035c17,2025-04-18 06:00:00,13519.84,VISA_13_1_NOT_RECEIVED,VISA,CITI_INTL,ELECTRONICS,U_UNAVAILABLE,DELIVERED,FEDEX_INTL,True,True,True,False,0,2,80,4,1
dsp_00310,pay_c7a208275e8d,2025-04-18 10:00:00,2717.78,VISA_13_3_DEFECTIVE,VISA,AMEX_INTL,ELECTRONICS,N_NOT_ENROLLED,DELIVERED,BLUEDART,True,True,True,True,5,1,53,3,1
dsp_00311,pay_0f5badd2b775,2025-04-19 00:00:00,937.85,VISA_13_1_NOT_RECEIVED,VISA,CITI_INTL,FOOD_DELIVERY,A_ATTEMPTED,DELIVERED,FEDEX_INTL,True,True,False,True,1,0,89,4,1
dsp_00312,pay_0a4454bfb57e,2025-04-19 10:00:00,32904.56,VISA_13_1_NOT_RECEIVED,VISA,AMEX_INTL,FASHION_APPAREL,N_NOT_ENROLLED,DELIVERED,BLUEDART,True,True,True,True,2,2,68,5,0
dsp_00313,pay_721c1950fd7d,2025-04-19 11:00:00,195.73,VISA_10_4_FRAUD,VISA,SBI,FASHION_APPAREL,U_UNAVAILABLE,RETURNED,INDIAPOST,False,True,True,True,0,0,73,10,0
dsp_00314,pay_383900135af6,2025-04-20 10:00:00,20466.21,VISA_13_3_DEFECTIVE,VISA,CITI_INTL,FOOD_DELIVERY,U_UNAVAILABLE,UNKNOWN,FEDEX_INTL,False,True,False,True,3,6,44,9,0
dsp_00315,pay_e5ba788e1c0a,2025-04-20 03:00:00,8988.09,VISA_13_3_DEFECTIVE,VISA,CITI_INTL,TRAVEL_HOTEL,U_UNAVAILABLE,UNKNOWN,DTDC,False,True,False,True,0,2,21,14,1
dsp_00316,pay_9daa82121d34,2025-04-20 21:00:00,9328.99,VISA_13_1_NOT_RECEIVED,VISA,ICICI,DIGITAL_SAAS,N_NOT_ENROLLED,NOT_APPLICABLE,NONE,False,False,True,False,1,0,19,8,0
dsp_00317,pay_4a6c1c9b1b3a,2025-04-21 02:00:00,1817.41,MC_4837_FRAUD,MASTERCARD,AMEX_INTL,FOOD_DELIVERY,U_UNAVAILABLE,DELIVERED,INDIAPOST,True,True,True,True,0,0,57,11,1
dsp_00318,pay_c95189a2c911,2025-04-21 11:00:00,3401.72,VISA_13_1_NOT_RECEIVED,VISA,ICICI,ECOMM_RETAIL,U_UNAVAILABLE,DELIVERED,BLUEDART,True,True,True,True,0,4,47,12,1
dsp_00319,pay_d4ad8c8da4e8,2025-04-21 15:00:00,512.75,MC_4853_GOODS_SERVICES,MASTERCARD,SBI,TRAVEL_HOTEL,N_NOT_ENROLLED,RETURNED,INDIAPOST,False,True,False,False,2,2,73,3,0
dsp_00320,pay_9407c9e52a82,2025-04-22 18:00:00,700.85,VISA_13_3_DEFECTIVE,VISA,ICICI,DIGITAL_SAAS,N_NOT_ENROLLED,NOT_APPLICABLE,NONE,False,False,False,True,1,0,33,14,0
dsp_00321,pay_45e25e58482d,2025-04-22 00:00:00,1459.3,VISA_10_4_FRAUD,VISA,HDFC,FASHION_APPAREL,Y_AUTHENTICATED,IN_TRANSIT,INDIAPOST,False,False,True,True,1,0,14,5,0
dsp_00322,pay_36e3e5ab6eca,2025-04-22 00:00:00,3083.84,VISA_10_4_FRAUD,VISA,ICICI,DIGITAL_SAAS,N_NOT_ENROLLED,NOT_APPLICABLE,NONE,False,True,False,True,0,4,52,14,1
dsp_00323,pay_0f248a4b4c42,2025-04-22 17:00:00,2536.41,VISA_13_3_DEFECTIVE,VISA,AMEX_INTL,DIGITAL_SAAS,Y_AUTHENTICATED,NOT_APPLICABLE,NONE,False,True,False,True,0,3,39,11,0
dsp_00324,pay_060b6ca25224,2025-04-23 15:00:00,806.28,VISA_13_1_NOT_RECEIVED,VISA,ICICI,ECOMM_RETAIL,A_ATTEMPTED,RETURNED,FEDEX_INTL,False,True,True,True,0,2,38,12,1
dsp_00325,pay_16056691dc7d,2025-04-23 17:00:00,1288.93,MC_4837_FRAUD,MASTERCARD,CITI_INTL,TRAVEL_HOTEL,A_ATTEMPTED,DELIVERED,BLUEDART,True,True,True,True,1,0,80,14,1
dsp_00326,pay_ddd0cefc7490,2025-04-23 12:00:00,1061.09,VISA_13_3_DEFECTIVE,VISA,SBI,FASHION_APPAREL,A_ATTEMPTED,UNKNOWN,BLUEDART,False,True,True,True,0,0,72,6,0
dsp_00327,pay_1b725f6183e7,2025-04-24 00:00:00,2994.21,VISA_13_3_DEFECTIVE,VISA,AMEX_INTL,TRAVEL_HOTEL,Y_AUTHENTICATED,DELIVERED,BLUEDART,True,True,True,True,5,0,61,10,1
dsp_00328,pay_cec4177298d8,2025-04-24 11:00:00,16152.9,VISA_13_3_DEFECTIVE,VISA,AMEX_INTL,FASHION_APPAREL,A_ATTEMPTED,DELIVERED,DELHIVERY,False,True,True,True,0,3,82,8,0
dsp_00329,pay_4296ad3cae96,2025-04-24 05:00:00,246.78,VISA_10_4_FRAUD,VISA,HDFC,FOOD_DELIVERY,U_UNAVAILABLE,UNKNOWN,INDIAPOST,False,True,True,False,0,1,64,8,0
dsp_00330,pay_5e346a6f2939,2025-04-25 12:00:00,2188.38,MC_4853_GOODS_SERVICES,MASTERCARD,HDFC,FASHION_APPAREL,Y_AUTHENTICATED,DELIVERED,DELHIVERY,False,True,True,True,0,1,61,8,1
dsp_00331,pay_b6166578f7f3,2025-04-25 16:00:00,1260.96,MC_4853_GOODS_SERVICES,MASTERCARD,HDFC,DIGITAL_SAAS,U_UNAVAILABLE,NOT_APPLICABLE,NONE,False,True,True,True,3,0,38,5,0
dsp_00332,pay_0def5312b737,2025-04-25 12:00:00,468.59,MC_4853_GOODS_SERVICES,MASTERCARD,AMEX_INTL,ELECTRONICS,A_ATTEMPTED,DELIVERED,FEDEX_INTL,True,True,True,False,2,4,15,3,1
dsp_00333,pay_9625c3353d63,2025-04-25 05:00:00,2579.21,VISA_13_3_DEFECTIVE,VISA,KOTAK,DIGITAL_SAAS,Y_AUTHENTICATED,NOT_APPLICABLE,NONE,False,True,True,True,0,1,72,8,0
dsp_00334,pay_a88ce299a8f7,2025-04-26 02:00:00,356.18,MC_4853_GOODS_SERVICES,MASTERCARD,ICICI,ELECTRONICS,U_UNAVAILABLE,DELIVERED,BLUEDART,True,False,True,False,0,1,86,6,1
dsp_00335,pay_e4fd49a5c08b,2025-04-26 01:00:00,487.33,VISA_13_3_DEFECTIVE,VISA,HDFC,FOOD_DELIVERY,N_NOT_ENROLLED,DELIVERED,DELHIVERY,True,True,True,True,0,6,84,5,1
dsp_00336,pay_4ca757726ddd,2025-04-26 08:00:00,2653.05,MC_4837_FRAUD,MASTERCARD,AMEX_INTL,FASHION_APPAREL,Y_AUTHENTICATED,UNKNOWN,INDIAPOST,False,True,True,True,1,0,7,13,0
dsp_00337,pay_25ba635d5efe,2025-04-27 08:00:00,756.7,VISA_10_4_FRAUD,VISA,HDFC,FASHION_APPAREL,Y_AUTHENTICATED,DELIVERED,DELHIVERY,True,True,True,False,0,0,43,14,1
dsp_00338,pay_12debb014e44,2025-04-27 23:00:00,4003.93,VISA_10_4_FRAUD,VISA,ICICI,ELECTRONICS,Y_AUTHENTICATED,RETURNED,DELHIVERY,False,True,True,True,0,0,65,10,1
dsp_00339,pay_08018fa56f06,2025-04-27 07:00:00,370.74,VISA_13_3_DEFECTIVE,VISA,HDFC,DIGITAL_SAAS,U_UNAVAILABLE,NOT_APPLICABLE,NONE,False,True,True,False,0,1,89,5,0
dsp_00340,pay_778c3fc84ad4,2025-04-28 04:00:00,4019.85,MC_4837_FRAUD,MASTERCARD,ICICI,TRAVEL_HOTEL,A_ATTEMPTED,UNKNOWN,DELHIVERY,False,True,True,False,5,0,30,7,0
dsp_00341,pay_63691059acbe,2025-04-28 10:00:00,2322.45,MC_4837_FRAUD,MASTERCARD,KOTAK,DIGITAL_SAAS,N_NOT_ENROLLED,NOT_APPLICABLE,NONE,False,True,True,True,5,4,21,10,0
dsp_00342,pay_406e0a9cc9b7,2025-04-28 13:00:00,7978.14,VISA_13_3_DEFECTIVE,VISA,SBI,ECOMM_RETAIL,U_UNAVAILABLE,UNKNOWN,INDIAPOST,False,False,True,True,1,6,44,11,0
dsp_00343,pay_135a0ff3a87f,2025-04-29 08:00:00,163.47,VISA_13_1_NOT_RECEIVED,VISA,AXIS,FOOD_DELIVERY,Y_AUTHENTICATED,RETURNED,DELHIVERY,False,True,False,False,1,1,19,13,0
dsp_00344,pay_4606f11048e3,2025-04-29 07:00:00,548.0,MC_4837_FRAUD,MASTERCARD,KOTAK,TRAVEL_HOTEL,Y_AUTHENTICATED,DELIVERED,INDIAPOST,True,False,True,True,2,3,82,12,1
dsp_00345,pay_b563729fa021,2025-04-29 14:00:00,4583.76,VISA_13_3_DEFECTIVE,VISA,HDFC,ECOMM_RETAIL,U_UNAVAILABLE,DELIVERED,INDIAPOST,True,True,True,True,1,0,32,6,1
dsp_00346,pay_7c224e9f5aad,2025-04-29 06:00:00,522.73,VISA_13_1_NOT_RECEIVED,VISA,AXIS,ECOMM_RETAIL,N_NOT_ENROLLED,DELIVERED,DELHIVERY,True,True,False,True,1,4,19,7,1
dsp_00347,pay_d3f45a7a2ddf,2025-04-30 03:00:00,10054.19,MC_4837_FRAUD,MASTERCARD,AXIS,FOOD_DELIVERY,A_ATTEMPTED,DELIVERED,INDIAPOST,True,True,False,True,1,3,86,3,1
dsp_00348,pay_f451aff1e8cd,2025-04-30 17:00:00,11053.07,MC_4837_FRAUD,MASTERCARD,CITI_INTL,FOOD_DELIVERY,U_UNAVAILABLE,IN_TRANSIT,INDIAPOST,False,False,True,True,3,2,78,6,0
dsp_00349,pay_6542bce14452,2025-04-30 13:00:00,1476.29,MC_4837_FRAUD,MASTERCARD,SBI,DIGITAL_SAAS,A_ATTEMPTED,NOT_APPLICABLE,NONE,False,True,True,False,5,4,51,8,1
dsp_00350,pay_2d4b0fb0e142,2025-05-01 19:00:00,786.96,VISA_10_4_FRAUD,VISA,AXIS,ECOMM_RETAIL,N_NOT_ENROLLED,DELIVERED,DELHIVERY,True,False,False,True,0,4,36,10,1
dsp_00351,pay_23ca844536c5,2025-05-01 12:00:00,1605.11,VISA_13_3_DEFECTIVE,VISA,HDFC,ECOMM_RETAIL,Y_AUTHENTICATED,RETURNED,DTDC,False,True,True,True,0,1,31,8,1
dsp_00352,pay_ca22ef698b6d,2025-05-01 10:00:00,2425.83,VISA_10_4_FRAUD,VISA,HDFC,TRAVEL_HOTEL,A_ATTEMPTED,DELIVERED,BLUEDART,True,True,False,True,0,1,58,4,1
dsp_00353,pay_c59b4df310a6,2025-05-02 09:00:00,9888.2,VISA_13_3_DEFECTIVE,VISA,AMEX_INTL,FOOD_DELIVERY,Y_AUTHENTICATED,RETURNED,BLUEDART,False,True,False,False,5,0,33,9,0
dsp_00354,pay_670c94eb8e40,2025-05-02 14:00:00,6194.57,MC_4837_FRAUD,MASTERCARD,HDFC,FOOD_DELIVERY,N_NOT_ENROLLED,DELIVERED,INDIAPOST,False,False,True,True,5,0,9,4,1
dsp_00355,pay_381d82ffe5e5,2025-05-02 23:00:00,4823.49,VISA_13_3_DEFECTIVE,VISA,AMEX_INTL,ELECTRONICS,U_UNAVAILABLE,IN_TRANSIT,FEDEX_INTL,False,False,True,True,0,6,62,3,0
dsp_00356,pay_2d7c4b9ed934,2025-05-02 04:00:00,10535.61,MC_4853_GOODS_SERVICES,MASTERCARD,CITI_INTL,ELECTRONICS,Y_AUTHENTICATED,RETURNED,DELHIVERY,False,True,True,True,2,3,34,5,1
dsp_00357,pay_b1708f7513b7,2025-05-03 02:00:00,833.21,VISA_10_4_FRAUD,VISA,SBI,ECOMM_RETAIL,Y_AUTHENTICATED,UNKNOWN,BLUEDART,False,True,True,True,1,3,46,6,0
dsp_00358,pay_0912ca3b5683,2025-05-03 03:00:00,720.67,MC_4853_GOODS_SERVICES,MASTERCARD,AXIS,DIGITAL_SAAS,A_ATTEMPTED,NOT_APPLICABLE,NONE,False,False,True,True,0,3,70,7,0
dsp_00359,pay_16211129953f,2025-05-03 19:00:00,1403.42,MC_4853_GOODS_SERVICES,MASTERCARD,KOTAK,FASHION_APPAREL,N_NOT_ENROLLED,RETURNED,FEDEX_INTL,False,True,True,False,3,2,39,11,0
dsp_00360,pay_61e1a47d0f24,2025-05-04 06:00:00,2839.22,VISA_13_1_NOT_RECEIVED,VISA,SBI,ELECTRONICS,Y_AUTHENTICATED,DELIVERED,DELHIVERY,True,False,True,False,3,0,43,9,1
dsp_00361,pay_4d054fe53f08,2025-05-04 17:00:00,2604.46,MC_4853_GOODS_SERVICES,MASTERCARD,AXIS,TRAVEL_HOTEL,U_UNAVAILABLE,RETURNED,DTDC,False,True,False,False,1,2,5,12,0
dsp_00362,pay_fe29ed03ef16,2025-05-04 18:00:00,500.15,VISA_10_4_FRAUD,VISA,ICICI,FOOD_DELIVERY,Y_AUTHENTICATED,IN_TRANSIT,INDIAPOST,False,False,True,True,1,3,3,14,1
dsp_00363,pay_27d45fab12d4,2025-05-05 00:00:00,2920.27,MC_4853_GOODS_SERVICES,MASTERCARD,AMEX_INTL,FOOD_DELIVERY,U_UNAVAILABLE,DELIVERED,INDIAPOST,True,True,True,True,5,0,69,2,1
dsp_00364,pay_c011c4cf3470,2025-05-05 14:00:00,156.17,MC_4853_GOODS_SERVICES,MASTERCARD,AXIS,ELECTRONICS,N_NOT_ENROLLED,RETURNED,INDIAPOST,False,True,False,True,0,1,4,11,0
dsp_00365,pay_f65000830368,2025-05-05 18:00:00,1883.74,MC_4853_GOODS_SERVICES,MASTERCARD,HDFC,FASHION_APPAREL,U_UNAVAILABLE,RETURNED,BLUEDART,False,False,True,True,0,1,41,10,0
dsp_00366,pay_1ecf89fde176,2025-05-06 22:00:00,12677.3,MC_4853_GOODS_SERVICES,MASTERCARD,AXIS,ECOMM_RETAIL,N_NOT_ENROLLED,RETURNED,DELHIVERY,False,True,True,False,0,0,67,2,0
dsp_00367,pay_a1c7e1e1b7e0,2025-05-06 15:00:00,570.67,MC_4853_GOODS_SERVICES,MASTERCARD,AMEX_INTL,DIGITAL_SAAS,Y_AUTHENTICATED,NOT_APPLICABLE,NONE,False,True,True,True,3,6,72,2,1
dsp_00368,pay_31fb04f9bfa8,2025-05-06 12:00:00,470.87,VISA_10_4_FRAUD,VISA,ICICI,FASHION_APPAREL,N_NOT_ENROLLED,DELIVERED,FEDEX_INTL,False,False,True,True,0,4,18,9,1
dsp_00369,pay_f6cfc14e8964,2025-05-06 11:00:00,199.57,MC_4853_GOODS_SERVICES,MASTERCARD,AMEX_INTL,FOOD_DELIVERY,N_NOT_ENROLLED,DELIVERED,DTDC,False,True,True,True,0,6,80,10,0
dsp_00370,pay_b22dd0c66173,2025-05-07 23:00:00,808.05,VISA_13_3_DEFECTIVE,VISA,ICICI,TRAVEL_HOTEL,A_ATTEMPTED,DELIVERED,BLUEDART,True,True,True,True,5,2,17,4,1
dsp_00371,pay_f57e42b8e47b,2025-05-07 05:00:00,1356.42,VISA_10_4_FRAUD,VISA,CITI_INTL,ELECTRONICS,A_ATTEMPTED,DELIVERED,BLUEDART,False,False,True,True,0,2,74,4,0
dsp_00372,pay_b23f25c3ede6,2025-05-07 17:00:00,2970.89,VISA_13_1_NOT_RECEIVED,VISA,KOTAK,ECOMM_RETAIL,A_ATTEMPTED,IN_TRANSIT,INDIAPOST,False,True,False,True,0,0,70,13,0
dsp_00373,pay_1503aa102284,2025-05-08 14:00:00,6737.01,VISA_13_1_NOT_RECEIVED,VISA,AMEX_INTL,FASHION_APPAREL,N_NOT_ENROLLED,UNKNOWN,INDIAPOST,False,False,True,True,0,1,59,6,0
dsp_00374,pay_ec859f557ea5,2025-05-08 01:00:00,1904.81,MC_4853_GOODS_SERVICES,MASTERCARD,HDFC,ELECTRONICS,Y_AUTHENTICATED,RETURNED,INDIAPOST,False,True,True,True,1,2,22,5,1
dsp_00375,pay_3cd58856e59e,2025-05-08 13:00:00,590.0,VISA_10_4_FRAUD,VISA,SBI,ECOMM_RETAIL,U_UNAVAILABLE,DELIVERED,FEDEX_INTL,False,True,True,True,5,0,72,9,1
dsp_00376,pay_934f8758cdf5,2025-05-09 19:00:00,2168.75,VISA_13_1_NOT_RECEIVED,VISA,SBI,ECOMM_RETAIL,U_UNAVAILABLE,RETURNED,FEDEX_INTL,False,True,True,True,1,1,45,8,0
dsp_00377,pay_f7a57bb93ee0,2025-05-09 13:00:00,2947.04,MC_4853_GOODS_SERVICES,MASTERCARD,AMEX_INTL,FASHION_APPAREL,A_ATTEMPTED,IN_TRANSIT,BLUEDART,False,True,True,True,0,1,64,2,0
dsp_00378,pay_19afa17562a7,2025-05-09 19:00:00,18875.71,MC_4837_FRAUD,MASTERCARD,ICICI,FOOD_DELIVERY,Y_AUTHENTICATED,IN_TRANSIT,DELHIVERY,False,True,False,True,3,0,81,3,1
dsp_00379,pay_fe8d4078ac29,2025-05-09 22:00:00,890.82,VISA_13_3_DEFECTIVE,VISA,SBI,FASHION_APPAREL,U_UNAVAILABLE,DELIVERED,DTDC,False,True,True,False,3,4,64,12,1
dsp_00380,pay_dad21dc13a61,2025-05-10 05:00:00,788.07,MC_4837_FRAUD,MASTERCARD,SBI,TRAVEL_HOTEL,N_NOT_ENROLLED,UNKNOWN,INDIAPOST,False,False,False,True,2,0,26,2,0
dsp_00381,pay_2688b5e4bd63,2025-05-10 05:00:00,2441.47,MC_4853_GOODS_SERVICES,MASTERCARD,AXIS,ECOMM_RETAIL,N_NOT_ENROLLED,DELIVERED,DTDC,True,True,True,True,1,4,77,7,1
dsp_00382,pay_ead643b36ca9,2025-05-10 04:00:00,2425.35,MC_4853_GOODS_SERVICES,MASTERCARD,AMEX_INTL,FOOD_DELIVERY,Y_AUTHENTICATED,IN_TRANSIT,DELHIVERY,False,True,True,True,3,1,69,10,1
dsp_00383,pay_e89f5ee71c9c,2025-05-11 23:00:00,9226.37,MC_4837_FRAUD,MASTERCARD,SBI,TRAVEL_HOTEL,Y_AUTHENTICATED,IN_TRANSIT,DELHIVERY,False,True,True,True,2,6,61,9,0
dsp_00384,pay_3de2a70a63b1,2025-05-11 18:00:00,1696.31,VISA_10_4_FRAUD,VISA,HDFC,ECOMM_RETAIL,N_NOT_ENROLLED,DELIVERED,FEDEX_INTL,True,True,True,True,0,0,89,7,1
dsp_00385,pay_eae1fb5ccebe,2025-05-11 16:00:00,1729.19,MC_4853_GOODS_SERVICES,MASTERCARD,HDFC,TRAVEL_HOTEL,A_ATTEMPTED,DELIVERED,BLUEDART,True,True,True,True,0,1,16,5,0
dsp_00386,pay_6da3360f4b8b,2025-05-12 17:00:00,3669.54,MC_4837_FRAUD,MASTERCARD,AMEX_INTL,FOOD_DELIVERY,Y_AUTHENTICATED,DELIVERED,BLUEDART,False,True,True,True,5,4,6,4,1
dsp_00387,pay_af396c8c3f08,2025-05-12 02:00:00,1239.02,MC_4853_GOODS_SERVICES,MASTERCARD,KOTAK,DIGITAL_SAAS,A_ATTEMPTED,NOT_APPLICABLE,NONE,False,True,False,True,3,6,75,3,1
dsp_00388,pay_2159d6eb7b76,2025-05-12 11:00:00,972.68,MC_4837_FRAUD,MASTERCARD,AMEX_INTL,TRAVEL_HOTEL,N_NOT_ENROLLED,IN_TRANSIT,DTDC,False,True,False,True,0,3,79,4,1
dsp_00389,pay_52db7e1955fb,2025-05-13 00:00:00,1231.16,VISA_13_1_NOT_RECEIVED,VISA,HDFC,FOOD_DELIVERY,U_UNAVAILABLE,DELIVERED,BLUEDART,True,True,True,True,0,1,58,13,1
dsp_00390,pay_fd26fe6154b1,2025-05-13 23:00:00,6652.39,MC_4853_GOODS_SERVICES,MASTERCARD,ICICI,TRAVEL_HOTEL,Y_AUTHENTICATED,DELIVERED,FEDEX_INTL,False,True,True,True,2,1,31,12,1
dsp_00391,pay_6e830a8da1f0,2025-05-13 13:00:00,2017.38,VISA_13_3_DEFECTIVE,VISA,ICICI,ELECTRONICS,N_NOT_ENROLLED,UNKNOWN,DTDC,False,False,True,True,1,3,27,10,0
dsp_00392,pay_6d21af43435f,2025-05-13 20:00:00,1978.14,VISA_10_4_FRAUD,VISA,AXIS,FASHION_APPAREL,A_ATTEMPTED,IN_TRANSIT,BLUEDART,False,True,True,True,3,1,63,2,1
dsp_00393,pay_d5ab46b246bd,2025-05-14 02:00:00,2806.25,VISA_10_4_FRAUD,VISA,AXIS,ECOMM_RETAIL,A_ATTEMPTED,DELIVERED,INDIAPOST,False,True,True,True,5,4,20,8,1
dsp_00394,pay_3f8b39f55f9e,2025-05-14 20:00:00,1255.68,MC_4837_FRAUD,MASTERCARD,AMEX_INTL,DIGITAL_SAAS,U_UNAVAILABLE,NOT_APPLICABLE,NONE,False,True,True,False,0,0,62,5,0
dsp_00395,pay_2f4357b6d1b9,2025-05-14 10:00:00,3149.07,VISA_13_3_DEFECTIVE,VISA,KOTAK,TRAVEL_HOTEL,U_UNAVAILABLE,DELIVERED,BLUEDART,True,True,True,True,3,6,77,2,1
dsp_00396,pay_0e96b423a8da,2025-05-15 06:00:00,2240.98,MC_4837_FRAUD,MASTERCARD,HDFC,TRAVEL_HOTEL,U_UNAVAILABLE,RETURNED,FEDEX_INTL,False,True,False,True,0,3,89,12,0
dsp_00397,pay_bd8e50e59ef9,2025-05-15 10:00:00,2793.67,MC_4853_GOODS_SERVICES,MASTERCARD,HDFC,DIGITAL_SAAS,N_NOT_ENROLLED,NOT_APPLICABLE,NONE,False,True,False,True,0,1,36,7,0
dsp_00398,pay_55ebe05b93fc,2025-05-15 16:00:00,3168.89,VISA_13_3_DEFECTIVE,VISA,AMEX_INTL,FOOD_DELIVERY,A_ATTEMPTED,RETURNED,BLUEDART,False,True,True,True,3,1,10,12,0
dsp_00399,pay_0c75408823d3,2025-05-16 11:00:00,4485.22,MC_4837_FRAUD,MASTERCARD,ICICI,FASHION_APPAREL,A_ATTEMPTED,UNKNOWN,INDIAPOST,False,True,True,True,1,1,8,9,0
dsp_00400,pay_772e73706e77,2025-05-16 12:00:00,2270.08,MC_4853_GOODS_SERVICES,MASTERCARD,KOTAK,TRAVEL_HOTEL,Y_AUTHENTICATED,RETURNED,BLUEDART,False,False,True,True,0,2,38,12,0
dsp_00401,pay_9f2757f6942d,2025-05-16 15:00:00,542.79,VISA_13_1_NOT_RECEIVED,VISA,SBI,TRAVEL_HOTEL,U_UNAVAILABLE,RETURNED,DELHIVERY,False,True,True,True,0,2,4,4,1
dsp_00402,pay_2e0aa34dc5e1,2025-05-16 05:00:00,782.19,VISA_13_3_DEFECTIVE,VISA,AXIS,FASHION_APPAREL,N_NOT_ENROLLED,DELIVERED,FEDEX_INTL,True,True,True,False,0,1,44,4,1
dsp_00403,pay_b224ebefb7af,2025-05-17 15:00:00,865.88,MC_4853_GOODS_SERVICES,MASTERCARD,AMEX_INTL,FOOD_DELIVERY,A_ATTEMPTED,IN_TRANSIT,FEDEX_INTL,False,False,True,True,1,0,61,7,0
dsp_00404,pay_44215946c187,2025-05-17 06:00:00,3017.57,VISA_10_4_FRAUD,VISA,KOTAK,ELECTRONICS,A_ATTEMPTED,IN_TRANSIT,DELHIVERY,False,True,True,True,2,0,40,8,0
dsp_00405,pay_f685591b082b,2025-05-17 13:00:00,37229.27,VISA_13_1_NOT_RECEIVED,VISA,AMEX_INTL,FOOD_DELIVERY,Y_AUTHENTICATED,IN_TRANSIT,BLUEDART,False,False,True,True,5,3,33,11,0
dsp_00406,pay_db896f9d266e,2025-05-18 03:00:00,2516.36,MC_4853_GOODS_SERVICES,MASTERCARD,AMEX_INTL,FASHION_APPAREL,A_ATTEMPTED,DELIVERED,DELHIVERY,True,True,False,True,1,4,41,9,1
dsp_00407,pay_3e2d5df3a64c,2025-05-18 11:00:00,298.72,MC_4853_GOODS_SERVICES,MASTERCARD,HDFC,DIGITAL_SAAS,N_NOT_ENROLLED,NOT_APPLICABLE,NONE,False,True,True,True,1,0,20,8,0
dsp_00408,pay_c1a7e55da7a8,2025-05-18 16:00:00,1615.39,VISA_13_1_NOT_RECEIVED,VISA,ICICI,TRAVEL_HOTEL,N_NOT_ENROLLED,UNKNOWN,INDIAPOST,False,True,False,True,0,1,60,8,0
dsp_00409,pay_98d5c1061e49,2025-05-19 20:00:00,3505.45,VISA_10_4_FRAUD,VISA,CITI_INTL,TRAVEL_HOTEL,U_UNAVAILABLE,UNKNOWN,DELHIVERY,False,True,True,False,1,2,18,11,1
dsp_00410,pay_ab26f6362023,2025-05-19 07:00:00,150.0,MC_4853_GOODS_SERVICES,MASTERCARD,ICICI,ECOMM_RETAIL,U_UNAVAILABLE,DELIVERED,INDIAPOST,True,True,True,True,0,1,14,9,1
dsp_00411,pay_a0487bbc8670,2025-05-19 00:00:00,150.0,VISA_13_1_NOT_RECEIVED,VISA,HDFC,TRAVEL_HOTEL,A_ATTEMPTED,DELIVERED,FEDEX_INTL,False,True,True,True,0,2,51,2,1
dsp_00412,pay_fe093864967c,2025-05-20 06:00:00,2447.79,MC_4853_GOODS_SERVICES,MASTERCARD,KOTAK,FOOD_DELIVERY,Y_AUTHENTICATED,IN_TRANSIT,BLUEDART,False,True,True,True,5,3,40,6,1
dsp_00413,pay_978f2e0d2baa,2025-05-20 17:00:00,5040.51,VISA_13_3_DEFECTIVE,VISA,CITI_INTL,ELECTRONICS,N_NOT_ENROLLED,RETURNED,BLUEDART,False,True,True,True,0,6,69,9,0
dsp_00414,pay_c42d1e703c40,2025-05-20 14:00:00,299.55,VISA_10_4_FRAUD,VISA,KOTAK,FOOD_DELIVERY,A_ATTEMPTED,IN_TRANSIT,FEDEX_INTL,False,True,True,True,0,1,26,8,0
dsp_00415,pay_3e541e4d3b20,2025-05-20 23:00:00,1877.84,VISA_13_3_DEFECTIVE,VISA,KOTAK,TRAVEL_HOTEL,N_NOT_ENROLLED,DELIVERED,DTDC,True,False,False,True,0,6,32,9,1
dsp_00416,pay_86f785cc82ca,2025-05-21 21:00:00,150.0,VISA_13_1_NOT_RECEIVED,VISA,AXIS,ECOMM_RETAIL,A_ATTEMPTED,UNKNOWN,FEDEX_INTL,False,True,False,False,0,3,61,3,0
dsp_00417,pay_8fb87da82b54,2025-05-21 15:00:00,3467.58,VISA_10_4_FRAUD,VISA,KOTAK,FOOD_DELIVERY,N_NOT_ENROLLED,DELIVERED,DELHIVERY,True,True,False,True,0,1,49,5,1
dsp_00418,pay_449c7aa62891,2025-05-21 18:00:00,1723.8,MC_4837_FRAUD,MASTERCARD,ICICI,TRAVEL_HOTEL,A_ATTEMPTED,UNKNOWN,DTDC,False,True,True,True,0,4,7,6,1
dsp_00419,pay_915676b12cde,2025-05-22 13:00:00,828.4,MC_4853_GOODS_SERVICES,MASTERCARD,AXIS,TRAVEL_HOTEL,U_UNAVAILABLE,IN_TRANSIT,DTDC,False,True,False,True,1,2,79,5,0
dsp_00420,pay_83ee93e71965,2025-05-22 23:00:00,161.15,VISA_10_4_FRAUD,VISA,SBI,TRAVEL_HOTEL,N_NOT_ENROLLED,DELIVERED,DELHIVERY,True,True,True,True,0,0,3,6,0
dsp_00421,pay_048252c12fbd,2025-05-22 14:00:00,1862.1,MC_4837_FRAUD,MASTERCARD,CITI_INTL,ECOMM_RETAIL,Y_AUTHENTICATED,DELIVERED,DTDC,True,True,True,False,3,2,69,4,1
dsp_00422,pay_8c99adafcc15,2025-05-23 19:00:00,3693.55,MC_4837_FRAUD,MASTERCARD,ICICI,ELECTRONICS,A_ATTEMPTED,DELIVERED,BLUEDART,True,True,False,False,0,0,3,7,1
dsp_00423,pay_50541afe5eb4,2025-05-23 15:00:00,518.35,VISA_13_3_DEFECTIVE,VISA,AMEX_INTL,ELECTRONICS,U_UNAVAILABLE,DELIVERED,FEDEX_INTL,True,True,True,True,0,1,58,11,1
dsp_00424,pay_e01ff55c0405,2025-05-23 03:00:00,2371.48,MC_4853_GOODS_SERVICES,MASTERCARD,KOTAK,TRAVEL_HOTEL,A_ATTEMPTED,DELIVERED,BLUEDART,True,True,False,True,2,0,28,2,1
dsp_00425,pay_1b15c43e91bd,2025-05-23 23:00:00,1059.11,VISA_13_3_DEFECTIVE,VISA,SBI,FOOD_DELIVERY,N_NOT_ENROLLED,UNKNOWN,INDIAPOST,False,True,True,True,1,4,40,7,1
dsp_00426,pay_b27596ca1cbd,2025-05-24 07:00:00,713.02,VISA_10_4_FRAUD,VISA,HDFC,TRAVEL_HOTEL,N_NOT_ENROLLED,DELIVERED,DTDC,True,False,True,True,1,6,69,14,1
dsp_00427,pay_723ac7ae476e,2025-05-24 13:00:00,373.13,VISA_13_1_NOT_RECEIVED,VISA,ICICI,FOOD_DELIVERY,N_NOT_ENROLLED,DELIVERED,FEDEX_INTL,True,False,True,True,3,6,45,7,1
dsp_00428,pay_d4aff9cdba39,2025-05-24 13:00:00,810.84,MC_4837_FRAUD,MASTERCARD,AXIS,FOOD_DELIVERY,N_NOT_ENROLLED,IN_TRANSIT,DELHIVERY,False,True,True,False,5,1,15,7,0
dsp_00429,pay_b6dbe046cfc4,2025-05-25 00:00:00,2766.6,VISA_13_1_NOT_RECEIVED,VISA,ICICI,FASHION_APPAREL,A_ATTEMPTED,DELIVERED,INDIAPOST,True,True,False,True,0,2,37,4,1
dsp_00430,pay_70f49bc43dd5,2025-05-25 11:00:00,611.0,VISA_13_3_DEFECTIVE,VISA,KOTAK,DIGITAL_SAAS,A_ATTEMPTED,NOT_APPLICABLE,NONE,False,True,False,True,0,1,71,8,0
dsp_00431,pay_f4b06dc8d513,2025-05-25 19:00:00,1460.12,VISA_13_3_DEFECTIVE,VISA,CITI_INTL,DIGITAL_SAAS,A_ATTEMPTED,NOT_APPLICABLE,NONE,False,False,True,False,0,0,81,10,0
dsp_00432,pay_98f0c729a4ab,2025-05-26 15:00:00,3655.17,MC_4837_FRAUD,MASTERCARD,HDFC,FOOD_DELIVERY,N_NOT_ENROLLED,RETURNED,FEDEX_INTL,False,True,True,False,3,1,47,9,0
dsp_00433,pay_f1ba56f735f5,2025-05-26 18:00:00,919.06,MC_4837_FRAUD,MASTERCARD,HDFC,ECOMM_RETAIL,Y_AUTHENTICATED,UNKNOWN,DELHIVERY,False,False,True,True,1,1,63,8,0
dsp_00434,pay_4a203de3273a,2025-05-26 14:00:00,3023.53,VISA_13_3_DEFECTIVE,VISA,HDFC,FASHION_APPAREL,A_ATTEMPTED,DELIVERED,BLUEDART,False,False,True,True,5,0,22,10,0
dsp_00435,pay_129b5b27374d,2025-05-27 05:00:00,589.5,VISA_10_4_FRAUD,VISA,SBI,FOOD_DELIVERY,N_NOT_ENROLLED,IN_TRANSIT,DELHIVERY,False,True,False,False,1,1,31,6,0
dsp_00436,pay_e742426ed979,2025-05-27 20:00:00,1474.18,VISA_10_4_FRAUD,VISA,KOTAK,ECOMM_RETAIL,Y_AUTHENTICATED,UNKNOWN,INDIAPOST,False,True,True,True,0,0,31,7,1
dsp_00437,pay_21c253e2d288,2025-05-27 23:00:00,469.2,MC_4853_GOODS_SERVICES,MASTERCARD,AXIS,ECOMM_RETAIL,U_UNAVAILABLE,DELIVERED,DTDC,False,True,False,True,1,0,79,3,1
dsp_00438,pay_a8c8c4be4bbd,2025-05-27 07:00:00,2990.04,MC_4837_FRAUD,MASTERCARD,ICICI,FOOD_DELIVERY,Y_AUTHENTICATED,DELIVERED,DELHIVERY,True,True,True,True,0,3,36,9,0
dsp_00439,pay_c5ee5136435a,2025-05-28 02:00:00,1391.48,MC_4853_GOODS_SERVICES,MASTERCARD,CITI_INTL,FASHION_APPAREL,A_ATTEMPTED,UNKNOWN,BLUEDART,False,True,True,False,1,3,17,3,1
dsp_00440,pay_44d37ee18159,2025-05-28 16:00:00,7995.39,MC_4837_FRAUD,MASTERCARD,CITI_INTL,ELECTRONICS,N_NOT_ENROLLED,UNKNOWN,BLUEDART,False,True,True,True,0,1,17,6,0
dsp_00441,pay_e88ba306c18f,2025-05-28 03:00:00,560.59,VISA_10_4_FRAUD,VISA,AMEX_INTL,DIGITAL_SAAS,U_UNAVAILABLE,NOT_APPLICABLE,NONE,False,False,False,True,0,1,53,7,0
dsp_00442,pay_7f79479eb582,2025-05-29 10:00:00,6573.8,VISA_13_3_DEFECTIVE,VISA,HDFC,DIGITAL_SAAS,N_NOT_ENROLLED,NOT_APPLICABLE,NONE,False,True,True,True,0,1,41,12,0
dsp_00443,pay_24026f2855a4,2025-05-29 02:00:00,1146.1,VISA_13_1_NOT_RECEIVED,VISA,HDFC,FOOD_DELIVERY,Y_AUTHENTICATED,DELIVERED,BLUEDART,False,True,True,True,0,1,64,3,1
dsp_00444,pay_fc63a2687ab0,2025-05-29 10:00:00,3963.11,MC_4853_GOODS_SERVICES,MASTERCARD,ICICI,FOOD_DELIVERY,A_ATTEMPTED,UNKNOWN,DTDC,False,True,True,True,1,0,74,11,0
dsp_00445,pay_00db64c96610,2025-05-30 00:00:00,1834.11,MC_4853_GOODS_SERVICES,MASTERCARD,KOTAK,FOOD_DELIVERY,U_UNAVAILABLE,IN_TRANSIT,BLUEDART,False,True,True,True,0,6,31,10,0
dsp_00446,pay_d79d46d4442f,2025-05-30 14:00:00,1010.66,MC_4837_FRAUD,MASTERCARD,SBI,FOOD_DELIVERY,U_UNAVAILABLE,DELIVERED,FEDEX_INTL,True,False,False,True,1,4,77,13,0
dsp_00447,pay_7242a0e57db8,2025-05-30 22:00:00,632.23,MC_4837_FRAUD,MASTERCARD,AXIS,TRAVEL_HOTEL,U_UNAVAILABLE,UNKNOWN,BLUEDART,False,False,True,True,0,6,71,4,0
dsp_00448,pay_16a72a8d2e26,2025-05-30 02:00:00,187.3,MC_4837_FRAUD,MASTERCARD,SBI,FASHION_APPAREL,A_ATTEMPTED,IN_TRANSIT,FEDEX_INTL,False,True,False,True,5,2,89,5,0
dsp_00449,pay_cdfb12136f31,2025-05-31 17:00:00,223.87,VISA_13_3_DEFECTIVE,VISA,CITI_INTL,TRAVEL_HOTEL,N_NOT_ENROLLED,DELIVERED,DELHIVERY,True,False,True,True,0,6,86,4,1
dsp_00450,pay_40c8e0905fa4,2025-05-31 06:00:00,516.06,VISA_10_4_FRAUD,VISA,SBI,FASHION_APPAREL,Y_AUTHENTICATED,DELIVERED,FEDEX_INTL,True,True,True,True,2,3,78,13,1
dsp_00451,pay_752eddad1007,2025-05-31 22:00:00,588.23,MC_4837_FRAUD,MASTERCARD,CITI_INTL,DIGITAL_SAAS,Y_AUTHENTICATED,NOT_APPLICABLE,NONE,False,False,False,True,0,1,41,5,0
dsp_00452,pay_91aedbba8d94,2025-06-01 03:00:00,935.13,VISA_13_1_NOT_RECEIVED,VISA,CITI_INTL,ELECTRONICS,A_ATTEMPTED,UNKNOWN,BLUEDART,False,True,False,True,2,2,28,13,0
dsp_00453,pay_49b5e6ecaf69,2025-06-01 03:00:00,6081.08,MC_4837_FRAUD,MASTERCARD,AXIS,FOOD_DELIVERY,A_ATTEMPTED,RETURNED,INDIAPOST,False,True,False,True,1,1,57,14,1
dsp_00454,pay_a628e3c3d95c,2025-06-01 14:00:00,1357.74,VISA_10_4_FRAUD,VISA,HDFC,FOOD_DELIVERY,Y_AUTHENTICATED,RETURNED,FEDEX_INTL,False,False,False,False,0,1,71,7,0
dsp_00455,pay_84a52b76dde4,2025-06-02 11:00:00,1371.08,MC_4853_GOODS_SERVICES,MASTERCARD,KOTAK,FASHION_APPAREL,Y_AUTHENTICATED,IN_TRANSIT,INDIAPOST,False,True,False,True,1,0,54,4,0
dsp_00456,pay_b86aaba36aed,2025-06-02 19:00:00,407.61,VISA_13_1_NOT_RECEIVED,VISA,ICICI,ECOMM_RETAIL,U_UNAVAILABLE,IN_TRANSIT,DELHIVERY,False,True,True,True,0,6,51,4,0
dsp_00457,pay_869924c6d9d4,2025-06-02 02:00:00,732.34,VISA_13_3_DEFECTIVE,VISA,SBI,ELECTRONICS,A_ATTEMPTED,DELIVERED,BLUEDART,True,True,True,True,1,2,67,6,1
dsp_00458,pay_94e3cc2f113b,2025-06-03 03:00:00,2862.48,MC_4837_FRAUD,MASTERCARD,ICICI,FASHION_APPAREL,U_UNAVAILABLE,UNKNOWN,BLUEDART,False,False,True,True,1,0,66,11,0
dsp_00459,pay_e72474250ac8,2025-06-03 10:00:00,33288.47,VISA_10_4_FRAUD,VISA,AMEX_INTL,DIGITAL_SAAS,U_UNAVAILABLE,NOT_APPLICABLE,NONE,False,False,True,False,0,6,14,14,0
dsp_00460,pay_a5b946dc2d70,2025-06-03 15:00:00,7554.22,VISA_10_4_FRAUD,VISA,SBI,ECOMM_RETAIL,A_ATTEMPTED,RETURNED,DTDC,False,True,False,True,0,0,75,8,0
dsp_00461,pay_38a3f54d9897,2025-06-03 01:00:00,6548.82,VISA_10_4_FRAUD,VISA,ICICI,TRAVEL_HOTEL,Y_AUTHENTICATED,RETURNED,BLUEDART,False,True,False,True,5,1,67,6,0
dsp_00462,pay_1adadc2ec8ef,2025-06-04 12:00:00,20478.02,MC_4853_GOODS_SERVICES,MASTERCARD,ICICI,FOOD_DELIVERY,U_UNAVAILABLE,IN_TRANSIT,INDIAPOST,False,True,True,True,0,0,8,3,0
dsp_00463,pay_a4dea56314ad,2025-06-04 18:00:00,2638.49,MC_4837_FRAUD,MASTERCARD,SBI,TRAVEL_HOTEL,Y_AUTHENTICATED,RETURNED,INDIAPOST,False,True,True,False,0,1,59,10,0
dsp_00464,pay_bd6a049860c0,2025-06-04 01:00:00,1744.46,MC_4853_GOODS_SERVICES,MASTERCARD,ICICI,ECOMM_RETAIL,A_ATTEMPTED,IN_TRANSIT,INDIAPOST,False,False,True,True,0,0,33,7,0
dsp_00465,pay_191924700898,2025-06-05 18:00:00,990.34,MC_4853_GOODS_SERVICES,MASTERCARD,KOTAK,DIGITAL_SAAS,N_NOT_ENROLLED,NOT_APPLICABLE,NONE,False,True,True,False,2,6,75,5,0
dsp_00466,pay_0faec459e5a8,2025-06-05 07:00:00,4448.14,VISA_13_1_NOT_RECEIVED,VISA,HDFC,FASHION_APPAREL,A_ATTEMPTED,UNKNOWN,DELHIVERY,False,True,True,True,0,3,79,6,1
dsp_00467,pay_1d0a7c9e6c69,2025-06-05 20:00:00,7865.13,MC_4837_FRAUD,MASTERCARD,AXIS,ECOMM_RETAIL,N_NOT_ENROLLED,IN_TRANSIT,DELHIVERY,False,True,True,True,0,0,57,14,0
dsp_00468,pay_e064d9839133,2025-06-06 04:00:00,327.96,VISA_13_1_NOT_RECEIVED,VISA,ICICI,ELECTRONICS,A_ATTEMPTED,DELIVERED,DTDC,True,False,True,True,0,0,86,3,0
dsp_00469,pay_d4029a93f83f,2025-06-06 19:00:00,4349.4,VISA_13_3_DEFECTIVE,VISA,SBI,FOOD_DELIVERY,A_ATTEMPTED,RETURNED,INDIAPOST,False,True,True,True,0,3,11,2,1
dsp_00470,pay_923a8127fef8,2025-06-06 23:00:00,951.43,VISA_13_3_DEFECTIVE,VISA,SBI,ECOMM_RETAIL,U_UNAVAILABLE,RETURNED,DTDC,False,True,True,True,3,1,8,14,0
dsp_00471,pay_8fc377ac5362,2025-06-06 06:00:00,4266.91,MC_4853_GOODS_SERVICES,MASTERCARD,AXIS,ELECTRONICS,A_ATTEMPTED,RETURNED,BLUEDART,False,False,True,False,0,3,26,3,0
dsp_00472,pay_6aabfd845dae,2025-06-07 04:00:00,804.66,MC_4837_FRAUD,MASTERCARD,ICICI,FASHION_APPAREL,U_UNAVAILABLE,DELIVERED,DELHIVERY,True,True,False,False,3,1,14,2,0
dsp_00473,pay_b20ef665a4b2,2025-06-07 17:00:00,8562.46,MC_4837_FRAUD,MASTERCARD,AXIS,DIGITAL_SAAS,N_NOT_ENROLLED,NOT_APPLICABLE,NONE,False,True,False,True,0,1,21,14,0
dsp_00474,pay_7865cde5cf05,2025-06-07 13:00:00,3823.92,MC_4837_FRAUD,MASTERCARD,CITI_INTL,ELECTRONICS,N_NOT_ENROLLED,IN_TRANSIT,DELHIVERY,False,True,True,True,1,6,38,2,1
dsp_00475,pay_53fdf617f62d,2025-06-08 09:00:00,1265.76,VISA_10_4_FRAUD,VISA,AXIS,FOOD_DELIVERY,N_NOT_ENROLLED,IN_TRANSIT,INDIAPOST,False,True,True,True,1,2,28,7,0
dsp_00476,pay_cf9e123361ac,2025-06-08 17:00:00,954.05,VISA_13_3_DEFECTIVE,VISA,KOTAK,FOOD_DELIVERY,Y_AUTHENTICATED,DELIVERED,INDIAPOST,False,True,True,True,1,1,30,5,1
dsp_00477,pay_377826d1316f,2025-06-08 21:00:00,4630.92,MC_4837_FRAUD,MASTERCARD,KOTAK,TRAVEL_HOTEL,Y_AUTHENTICATED,DELIVERED,DTDC,True,True,True,True,0,0,77,2,1
dsp_00478,pay_716fc5c5243d,2025-06-09 02:00:00,976.39,VISA_10_4_FRAUD,VISA,AXIS,ELECTRONICS,A_ATTEMPTED,DELIVERED,DTDC,False,True,True,True,3,0,53,12,1
dsp_00479,pay_bb67d2024a83,2025-06-09 23:00:00,10003.09,MC_4853_GOODS_SERVICES,MASTERCARD,CITI_INTL,FASHION_APPAREL,Y_AUTHENTICATED,DELIVERED,BLUEDART,True,False,False,True,0,0,71,3,1
dsp_00480,pay_cb28481e785a,2025-06-09 17:00:00,1728.58,VISA_10_4_FRAUD,VISA,ICICI,FOOD_DELIVERY,N_NOT_ENROLLED,UNKNOWN,BLUEDART,False,False,True,False,1,4,56,14,0
dsp_00481,pay_86a66fa3d6bb,2025-06-10 05:00:00,2821.96,VISA_13_3_DEFECTIVE,VISA,KOTAK,ECOMM_RETAIL,U_UNAVAILABLE,IN_TRANSIT,BLUEDART,False,True,False,True,2,2,78,6,0
dsp_00482,pay_a77ac3e69238,2025-06-10 04:00:00,3542.66,MC_4837_FRAUD,MASTERCARD,ICICI,FOOD_DELIVERY,U_UNAVAILABLE,DELIVERED,FEDEX_INTL,True,True,True,True,1,4,68,4,1
dsp_00483,pay_c00499fc8683,2025-06-10 16:00:00,714.92,MC_4853_GOODS_SERVICES,MASTERCARD,SBI,TRAVEL_HOTEL,Y_AUTHENTICATED,DELIVERED,FEDEX_INTL,False,True,True,True,0,4,41,13,1
dsp_00484,pay_9258eb379658,2025-06-10 20:00:00,2940.36,VISA_13_1_NOT_RECEIVED,VISA,AMEX_INTL,FOOD_DELIVERY,N_NOT_ENROLLED,IN_TRANSIT,DELHIVERY,False,True,False,True,0,6,11,3,1
dsp_00485,pay_f9102c189d1e,2025-06-11 07:00:00,1443.93,VISA_10_4_FRAUD,VISA,AMEX_INTL,TRAVEL_HOTEL,U_UNAVAILABLE,UNKNOWN,DTDC,False,True,False,False,1,1,16,5,0
dsp_00486,pay_9102832e0053,2025-06-11 06:00:00,1212.27,VISA_13_3_DEFECTIVE,VISA,AMEX_INTL,FOOD_DELIVERY,N_NOT_ENROLLED,UNKNOWN,DTDC,False,False,True,True,0,3,58,2,0
dsp_00487,pay_84a3dadd34b5,2025-06-11 12:00:00,787.93,VISA_10_4_FRAUD,VISA,AMEX_INTL,FOOD_DELIVERY,A_ATTEMPTED,UNKNOWN,DELHIVERY,False,True,True,True,5,1,31,11,1
dsp_00488,pay_5c18392f069e,2025-06-12 18:00:00,4004.27,VISA_13_3_DEFECTIVE,VISA,ICICI,ECOMM_RETAIL,Y_AUTHENTICATED,RETURNED,DELHIVERY,False,False,False,True,0,6,43,12,1
dsp_00489,pay_bf770b9b293f,2025-06-12 15:00:00,150.0,VISA_13_1_NOT_RECEIVED,VISA,CITI_INTL,TRAVEL_HOTEL,Y_AUTHENTICATED,UNKNOWN,FEDEX_INTL,False,True,True,True,0,1,63,2,0
dsp_00490,pay_9a628b4efb34,2025-06-12 16:00:00,14760.42,MC_4853_GOODS_SERVICES,MASTERCARD,AMEX_INTL,ELECTRONICS,A_ATTEMPTED,DELIVERED,FEDEX_INTL,True,True,False,True,5,4,73,12,1
dsp_00491,pay_e4479e1b289c,2025-06-13 08:00:00,174.21,VISA_10_4_FRAUD,VISA,AMEX_INTL,TRAVEL_HOTEL,Y_AUTHENTICATED,IN_TRANSIT,DTDC,False,False,True,True,1,2,80,7,0
dsp_00492,pay_59af28f50ee5,2025-06-13 09:00:00,1446.06,VISA_13_1_NOT_RECEIVED,VISA,CITI_INTL,FOOD_DELIVERY,N_NOT_ENROLLED,RETURNED,FEDEX_INTL,False,True,False,True,3,2,9,12,0
dsp_00493,pay_074b2c51e530,2025-06-13 14:00:00,5012.07,MC_4837_FRAUD,MASTERCARD,SBI,ELECTRONICS,A_ATTEMPTED,DELIVERED,BLUEDART,True,False,False,True,0,0,42,4,0
dsp_00494,pay_ea252be77050,2025-06-13 08:00:00,1185.52,VISA_13_3_DEFECTIVE,VISA,CITI_INTL,DIGITAL_SAAS,N_NOT_ENROLLED,NOT_APPLICABLE,NONE,False,True,True,True,0,3,50,10,0
dsp_00495,pay_f6b483ea5ac7,2025-06-14 21:00:00,3709.31,VISA_13_3_DEFECTIVE,VISA,ICICI,DIGITAL_SAAS,U_UNAVAILABLE,NOT_APPLICABLE,NONE,False,True,True,False,0,0,12,8,0
dsp_00496,pay_6e5ff53dd768,2025-06-14 21:00:00,2862.4,MC_4837_FRAUD,MASTERCARD,AMEX_INTL,FOOD_DELIVERY,U_UNAVAILABLE,DELIVERED,DELHIVERY,True,True,False,True,3,2,47,10,1
dsp_00497,pay_3b9b229d937f,2025-06-14 13:00:00,2285.5,VISA_10_4_FRAUD,VISA,KOTAK,TRAVEL_HOTEL,U_UNAVAILABLE,RETURNED,INDIAPOST,False,False,False,True,0,0,21,3,0
dsp_00498,pay_de2816e969c1,2025-06-15 04:00:00,3111.02,VISA_10_4_FRAUD,VISA,ICICI,ECOMM_RETAIL,A_ATTEMPTED,IN_TRANSIT,DTDC,False,True,False,True,5,1,30,4,1
dsp_00499,pay_f5faf3a8ebcf,2025-06-15 08:00:00,747.54,VISA_13_3_DEFECTIVE,VISA,SBI,ELECTRONICS,A_ATTEMPTED,DELIVERED,DTDC,True,False,True,True,3,1,49,8,1
dsp_00500,pay_a19252eb0be1,2025-06-15 20:00:00,32646.5,VISA_13_3_DEFECTIVE,VISA,AXIS,FOOD_DELIVERY,Y_AUTHENTICATED,DELIVERED,FEDEX_INTL,True,True,False,True,3,1,79,5,1
dsp_00501,pay_c2ecc324e52d,2025-06-16 18:00:00,6853.19,VISA_10_4_FRAUD,VISA,AXIS,ECOMM_RETAIL,N_NOT_ENROLLED,IN_TRANSIT,INDIAPOST,False,True,True,False,0,3,79,12,0
dsp_00502,pay_75f3ae5bb5fc,2025-06-16 18:00:00,1690.66,VISA_10_4_FRAUD,VISA,CITI_INTL,TRAVEL_HOTEL,A_ATTEMPTED,DELIVERED,INDIAPOST,True,False,False,False,1,6,6,5,0
dsp_00503,pay_4d21d6835c1a,2025-06-16 14:00:00,1340.77,VISA_13_1_NOT_RECEIVED,VISA,ICICI,FASHION_APPAREL,Y_AUTHENTICATED,DELIVERED,INDIAPOST,True,False,True,True,0,3,72,9,1
dsp_00504,pay_2ead0a0087df,2025-06-16 03:00:00,920.72,VISA_13_3_DEFECTIVE,VISA,KOTAK,FASHION_APPAREL,A_ATTEMPTED,RETURNED,DTDC,False,True,True,True,1,1,6,12,0
dsp_00505,pay_f5155ca24fb8,2025-06-17 02:00:00,1142.31,VISA_10_4_FRAUD,VISA,SBI,ELECTRONICS,U_UNAVAILABLE,DELIVERED,DELHIVERY,True,True,True,True,0,0,9,5,0
dsp_00506,pay_5a3f9067ae61,2025-06-17 18:00:00,2304.88,VISA_13_1_NOT_RECEIVED,VISA,HDFC,TRAVEL_HOTEL,N_NOT_ENROLLED,DELIVERED,FEDEX_INTL,False,True,False,True,0,1,16,12,1
dsp_00507,pay_bc8846f8aa0f,2025-06-17 06:00:00,4355.75,MC_4853_GOODS_SERVICES,MASTERCARD,KOTAK,TRAVEL_HOTEL,N_NOT_ENROLLED,DELIVERED,INDIAPOST,True,False,True,False,0,3,44,3,1
dsp_00508,pay_9e32dac4449c,2025-06-18 16:00:00,1762.32,MC_4837_FRAUD,MASTERCARD,KOTAK,FOOD_DELIVERY,U_UNAVAILABLE,DELIVERED,FEDEX_INTL,False,True,True,True,1,2,16,9,0
dsp_00509,pay_414ba0e66af4,2025-06-18 23:00:00,3142.87,MC_4853_GOODS_SERVICES,MASTERCARD,HDFC,FOOD_DELIVERY,A_ATTEMPTED,RETURNED,FEDEX_INTL,False,True,True,True,2,2,65,3,0
dsp_00510,pay_56630619d8ab,2025-06-18 01:00:00,7258.06,VISA_13_3_DEFECTIVE,VISA,AMEX_INTL,FASHION_APPAREL,U_UNAVAILABLE,RETURNED,DELHIVERY,False,False,False,True,0,4,16,12,0
dsp_00511,pay_4f2f267e2abd,2025-06-19 10:00:00,14004.42,VISA_13_1_NOT_RECEIVED,VISA,ICICI,ECOMM_RETAIL,A_ATTEMPTED,DELIVERED,FEDEX_INTL,False,False,True,True,5,3,74,4,1
dsp_00512,pay_75121a34e77b,2025-06-19 10:00:00,1488.37,MC_4853_GOODS_SERVICES,MASTERCARD,SBI,FASHION_APPAREL,Y_AUTHENTICATED,DELIVERED,BLUEDART,True,True,True,True,0,4,22,12,1
dsp_00513,pay_05e16fd63389,2025-06-19 15:00:00,2635.32,VISA_13_3_DEFECTIVE,VISA,HDFC,FOOD_DELIVERY,N_NOT_ENROLLED,IN_TRANSIT,FEDEX_INTL,False,True,True,True,0,4,86,6,0
dsp_00514,pay_8c5ce30ed846,2025-06-20 20:00:00,1597.27,VISA_13_1_NOT_RECEIVED,VISA,AMEX_INTL,ECOMM_RETAIL,Y_AUTHENTICATED,DELIVERED,DELHIVERY,True,False,True,True,2,3,34,10,1
dsp_00515,pay_076429028ff4,2025-06-20 04:00:00,3764.14,VISA_10_4_FRAUD,VISA,KOTAK,ECOMM_RETAIL,U_UNAVAILABLE,DELIVERED,DTDC,True,True,True,True,3,0,62,11,1
dsp_00516,pay_193bc312b9d1,2025-06-20 01:00:00,4164.92,MC_4837_FRAUD,MASTERCARD,SBI,DIGITAL_SAAS,Y_AUTHENTICATED,NOT_APPLICABLE,NONE,False,True,True,True,0,0,51,8,0
dsp_00517,pay_d04d7c4e883c,2025-06-20 17:00:00,335.89,VISA_13_3_DEFECTIVE,VISA,ICICI,FOOD_DELIVERY,Y_AUTHENTICATED,DELIVERED,DELHIVERY,True,True,True,True,0,1,20,5,1
dsp_00518,pay_baaddce17cbc,2025-06-21 22:00:00,1701.61,VISA_13_3_DEFECTIVE,VISA,AMEX_INTL,DIGITAL_SAAS,Y_AUTHENTICATED,NOT_APPLICABLE,NONE,False,True,True,True,0,3,32,4,1
dsp_00519,pay_e5fbd64c63e2,2025-06-21 23:00:00,4210.32,VISA_10_4_FRAUD,VISA,HDFC,ECOMM_RETAIL,Y_AUTHENTICATED,DELIVERED,BLUEDART,False,True,True,True,1,4,26,5,1
dsp_00520,pay_562a8e8fbaf9,2025-06-21 22:00:00,309.88,MC_4837_FRAUD,MASTERCARD,ICICI,TRAVEL_HOTEL,Y_AUTHENTICATED,DELIVERED,DTDC,True,True,False,True,2,1,82,11,1
dsp_00521,pay_982e52f566c0,2025-06-22 04:00:00,1442.07,VISA_13_1_NOT_RECEIVED,VISA,CITI_INTL,DIGITAL_SAAS,Y_AUTHENTICATED,NOT_APPLICABLE,NONE,False,True,True,True,0,1,29,2,1
dsp_00522,pay_975d179bf5f3,2025-06-22 22:00:00,6485.76,VISA_13_1_NOT_RECEIVED,VISA,AMEX_INTL,FOOD_DELIVERY,N_NOT_ENROLLED,IN_TRANSIT,DTDC,False,True,True,True,0,3,88,10,0
dsp_00523,pay_8cb804e3a5f4,2025-06-22 18:00:00,150.0,VISA_13_3_DEFECTIVE,VISA,AXIS,TRAVEL_HOTEL,N_NOT_ENROLLED,DELIVERED,FEDEX_INTL,True,True,True,True,0,1,56,12,1
dsp_00524,pay_dee802722351,2025-06-23 15:00:00,1678.64,MC_4837_FRAUD,MASTERCARD,KOTAK,TRAVEL_HOTEL,N_NOT_ENROLLED,DELIVERED,FEDEX_INTL,True,True,True,True,2,0,39,3,1
dsp_00525,pay_1f7d61d81e14,2025-06-23 23:00:00,1610.57,MC_4853_GOODS_SERVICES,MASTERCARD,SBI,DIGITAL_SAAS,A_ATTEMPTED,NOT_APPLICABLE,NONE,False,True,True,True,1,4,36,10,0
dsp_00526,pay_8cb68fe512f7,2025-06-23 09:00:00,2178.86,VISA_13_3_DEFECTIVE,VISA,CITI_INTL,DIGITAL_SAAS,A_ATTEMPTED,NOT_APPLICABLE,NONE,False,True,True,True,0,0,49,10,0
dsp_00527,pay_dad5362336f8,2025-06-23 09:00:00,365.56,VISA_13_3_DEFECTIVE,VISA,ICICI,FASHION_APPAREL,Y_AUTHENTICATED,DELIVERED,INDIAPOST,True,True,True,False,1,0,43,7,0
dsp_00528,pay_5e67442c8d4b,2025-06-24 10:00:00,482.26,VISA_13_3_DEFECTIVE,VISA,SBI,ECOMM_RETAIL,Y_AUTHENTICATED,IN_TRANSIT,INDIAPOST,False,True,False,True,0,2,58,14,0
dsp_00529,pay_d7ebff3a5d6f,2025-06-24 03:00:00,6126.79,VISA_10_4_FRAUD,VISA,ICICI,FOOD_DELIVERY,N_NOT_ENROLLED,UNKNOWN,BLUEDART,False,True,False,True,1,0,43,4,0
dsp_00530,pay_46705772b159,2025-06-24 10:00:00,1319.89,MC_4853_GOODS_SERVICES,MASTERCARD,HDFC,FOOD_DELIVERY,A_ATTEMPTED,RETURNED,BLUEDART,False,False,True,True,1,0,64,7,0
dsp_00531,pay_1774b1209abd,2025-06-25 03:00:00,1012.53,MC_4853_GOODS_SERVICES,MASTERCARD,ICICI,ECOMM_RETAIL,U_UNAVAILABLE,DELIVERED,DELHIVERY,True,True,True,True,0,1,60,11,1
dsp_00532,pay_7face2ac3a3f,2025-06-25 05:00:00,1525.18,MC_4837_FRAUD,MASTERCARD,SBI,DIGITAL_SAAS,Y_AUTHENTICATED,NOT_APPLICABLE,NONE,False,False,True,True,2,2,87,4,0
dsp_00533,pay_52ffcd5b0bf2,2025-06-25 21:00:00,2769.58,MC_4853_GOODS_SERVICES,MASTERCARD,AMEX_INTL,FOOD_DELIVERY,N_NOT_ENROLLED,DELIVERED,DELHIVERY,False,True,True,True,2,1,74,14,0
dsp_00534,pay_299a33d71178,2025-06-26 04:00:00,691.09,MC_4853_GOODS_SERVICES,MASTERCARD,HDFC,ECOMM_RETAIL,N_NOT_ENROLLED,DELIVERED,FEDEX_INTL,True,True,True,True,0,4,85,2,1
dsp_00535,pay_12ef80e9a3a3,2025-06-26 01:00:00,12545.22,VISA_13_3_DEFECTIVE,VISA,AMEX_INTL,DIGITAL_SAAS,N_NOT_ENROLLED,NOT_APPLICABLE,NONE,False,True,True,True,1,3,27,13,0
dsp_00536,pay_0aeb32433635,2025-06-26 02:00:00,14091.43,VISA_13_1_NOT_RECEIVED,VISA,SBI,ECOMM_RETAIL,Y_AUTHENTICATED,DELIVERED,INDIAPOST,False,True,True,True,3,3,35,13,1
dsp_00537,pay_3ebd709597ae,2025-06-27 14:00:00,316.8,MC_4837_FRAUD,MASTERCARD,AMEX_INTL,FOOD_DELIVERY,Y_AUTHENTICATED,UNKNOWN,BLUEDART,False,True,True,True,0,6,39,14,1
dsp_00538,pay_ebee870af314,2025-06-27 17:00:00,1046.42,VISA_10_4_FRAUD,VISA,CITI_INTL,DIGITAL_SAAS,A_ATTEMPTED,NOT_APPLICABLE,NONE,False,True,True,True,0,1,85,7,0
dsp_00539,pay_06571efb831f,2025-06-27 03:00:00,1433.98,MC_4837_FRAUD,MASTERCARD,AXIS,ECOMM_RETAIL,U_UNAVAILABLE,UNKNOWN,FEDEX_INTL,False,True,True,False,0,1,13,9,0
dsp_00540,pay_792fbab8a3ea,2025-06-27 16:00:00,5959.02,MC_4853_GOODS_SERVICES,MASTERCARD,ICICI,FASHION_APPAREL,Y_AUTHENTICATED,DELIVERED,BLUEDART,False,True,True,True,1,3,78,3,1
dsp_00541,pay_2fcca28745ca,2025-06-28 04:00:00,1264.6,MC_4853_GOODS_SERVICES,MASTERCARD,ICICI,ECOMM_RETAIL,U_UNAVAILABLE,UNKNOWN,BLUEDART,False,True,True,True,0,6,20,6,0
dsp_00542,pay_b2b1aed5547a,2025-06-28 03:00:00,1472.57,VISA_10_4_FRAUD,VISA,AXIS,FASHION_APPAREL,U_UNAVAILABLE,UNKNOWN,DELHIVERY,False,True,True,True,0,2,19,3,1
dsp_00543,pay_85300f320583,2025-06-28 10:00:00,15938.35,MC_4837_FRAUD,MASTERCARD,SBI,ECOMM_RETAIL,A_ATTEMPTED,RETURNED,INDIAPOST,False,False,True,True,0,6,11,4,0
dsp_00544,pay_318b74d34909,2025-06-29 10:00:00,555.41,MC_4837_FRAUD,MASTERCARD,AXIS,TRAVEL_HOTEL,N_NOT_ENROLLED,DELIVERED,DTDC,True,True,True,True,0,1,43,3,1
dsp_00545,pay_80fc14c671e5,2025-06-29 07:00:00,3443.28,VISA_10_4_FRAUD,VISA,AXIS,FASHION_APPAREL,N_NOT_ENROLLED,DELIVERED,DELHIVERY,True,False,True,False,1,3,63,8,1
dsp_00546,pay_020482b8a744,2025-06-29 21:00:00,2535.63,VISA_13_1_NOT_RECEIVED,VISA,KOTAK,FASHION_APPAREL,A_ATTEMPTED,DELIVERED,DTDC,False,True,True,True,5,1,26,7,1
dsp_00547,pay_29af44361176,2025-06-30 02:00:00,2068.03,MC_4837_FRAUD,MASTERCARD,HDFC,TRAVEL_HOTEL,U_UNAVAILABLE,DELIVERED,DELHIVERY,False,True,True,True,2,1,34,13,1
dsp_00548,pay_0e53fa64c716,2025-06-30 05:00:00,1193.45,VISA_10_4_FRAUD,VISA,KOTAK,TRAVEL_HOTEL,U_UNAVAILABLE,RETURNED,INDIAPOST,False,True,True,True,5,4,39,5,1
dsp_00549,pay_ea3df1aa7423,2025-06-30 02:00:00,599.46,VISA_13_3_DEFECTIVE,VISA,CITI_INTL,TRAVEL_HOTEL,Y_AUTHENTICATED,UNKNOWN,DTDC,False,True,True,True,3,1,26,2,0
dsp_00550,pay_93ce43364828,2025-06-30 23:00:00,2410.29,VISA_13_1_NOT_RECEIVED,VISA,CITI_INTL,ECOMM_RETAIL,Y_AUTHENTICATED,IN_TRANSIT,INDIAPOST,False,True,True,True,0,2,82,10,1
dsp_00551,pay_12eef3349920,2025-07-01 22:00:00,656.8,MC_4837_FRAUD,MASTERCARD,AMEX_INTL,FOOD_DELIVERY,A_ATTEMPTED,DELIVERED,DTDC,True,False,True,True,1,4,20,4,0
dsp_00552,pay_dd981decde03,2025-07-01 18:00:00,901.86,MC_4837_FRAUD,MASTERCARD,ICICI,DIGITAL_SAAS,A_ATTEMPTED,NOT_APPLICABLE,NONE,False,False,True,True,0,0,22,13,1
dsp_00553,pay_b019a25e0750,2025-07-01 00:00:00,964.75,VISA_13_3_DEFECTIVE,VISA,SBI,ELECTRONICS,A_ATTEMPTED,UNKNOWN,BLUEDART,False,True,True,True,2,2,43,4,1
dsp_00554,pay_022b9dd85788,2025-07-02 02:00:00,2147.29,VISA_10_4_FRAUD,VISA,ICICI,ECOMM_RETAIL,U_UNAVAILABLE,RETURNED,INDIAPOST,False,True,False,True,5,0,51,2,0
dsp_00555,pay_791eef524acf,2025-07-02 08:00:00,297.03,VISA_13_1_NOT_RECEIVED,VISA,AMEX_INTL,ECOMM_RETAIL,U_UNAVAILABLE,DELIVERED,DELHIVERY,False,True,False,True,0,3,14,4,0
dsp_00556,pay_b75c84004360,2025-07-02 10:00:00,4298.38,MC_4853_GOODS_SERVICES,MASTERCARD,KOTAK,TRAVEL_HOTEL,N_NOT_ENROLLED,RETURNED,INDIAPOST,False,True,False,True,0,3,49,2,0
dsp_00557,pay_8c6e6292b1ee,2025-07-03 05:00:00,5341.54,MC_4837_FRAUD,MASTERCARD,AMEX_INTL,TRAVEL_HOTEL,A_ATTEMPTED,UNKNOWN,DELHIVERY,False,False,True,True,5,2,23,11,1
dsp_00558,pay_85c60f16aafe,2025-07-03 04:00:00,3901.33,MC_4853_GOODS_SERVICES,MASTERCARD,AMEX_INTL,ELECTRONICS,N_NOT_ENROLLED,RETURNED,BLUEDART,False,True,True,True,0,4,89,14,1
dsp_00559,pay_d05765353713,2025-07-03 09:00:00,2290.5,VISA_10_4_FRAUD,VISA,AXIS,ECOMM_RETAIL,U_UNAVAILABLE,DELIVERED,FEDEX_INTL,True,True,True,True,0,2,12,13,1
dsp_00560,pay_ce6f79b1cb67,2025-07-04 05:00:00,1621.2,VISA_13_3_DEFECTIVE,VISA,AXIS,ECOMM_RETAIL,Y_AUTHENTICATED,DELIVERED,FEDEX_INTL,True,True,False,True,5,0,26,2,0
dsp_00561,pay_a29ad1eb4952,2025-07-04 00:00:00,2110.86,VISA_13_3_DEFECTIVE,VISA,ICICI,FOOD_DELIVERY,U_UNAVAILABLE,IN_TRANSIT,INDIAPOST,False,True,True,False,1,3,55,10,0
dsp_00562,pay_4556f61cb53a,2025-07-04 01:00:00,2154.59,VISA_13_3_DEFECTIVE,VISA,HDFC,FOOD_DELIVERY,N_NOT_ENROLLED,DELIVERED,DTDC,True,True,False,True,1,0,32,11,1
dsp_00563,pay_4f7b2f61c6ca,2025-07-04 07:00:00,1396.17,VISA_10_4_FRAUD,VISA,ICICI,ELECTRONICS,N_NOT_ENROLLED,IN_TRANSIT,INDIAPOST,False,True,True,True,5,1,82,8,0
dsp_00564,pay_61a7adf2bd43,2025-07-05 09:00:00,1092.54,VISA_13_3_DEFECTIVE,VISA,SBI,TRAVEL_HOTEL,U_UNAVAILABLE,DELIVERED,DELHIVERY,False,True,False,True,2,4,44,14,1
dsp_00565,pay_7c2fcc262e3d,2025-07-05 05:00:00,2198.84,VISA_13_1_NOT_RECEIVED,VISA,AXIS,DIGITAL_SAAS,N_NOT_ENROLLED,NOT_APPLICABLE,NONE,False,True,True,True,1,6,59,13,1
dsp_00566,pay_5af7b3a9bb07,2025-07-05 00:00:00,178.93,VISA_10_4_FRAUD,VISA,CITI_INTL,FASHION_APPAREL,Y_AUTHENTICATED,DELIVERED,BLUEDART,False,False,True,True,0,1,42,9,1
dsp_00567,pay_196bd3bc4df3,2025-07-06 08:00:00,2839.3,VISA_13_3_DEFECTIVE,VISA,CITI_INTL,DIGITAL_SAAS,A_ATTEMPTED,NOT_APPLICABLE,NONE,False,True,True,False,0,6,29,5,1
dsp_00568,pay_a74f432e5eaa,2025-07-06 14:00:00,459.69,VISA_13_3_DEFECTIVE,VISA,ICICI,DIGITAL_SAAS,N_NOT_ENROLLED,NOT_APPLICABLE,NONE,False,True,True,True,0,0,77,10,0
dsp_00569,pay_e4ca33473d27,2025-07-06 09:00:00,150.0,MC_4853_GOODS_SERVICES,MASTERCARD,SBI,FOOD_DELIVERY,N_NOT_ENROLLED,IN_TRANSIT,BLUEDART,False,True,True,True,0,1,9,7,1
dsp_00570,pay_a05d0890d1e9,2025-07-07 03:00:00,1481.9,VISA_10_4_FRAUD,VISA,CITI_INTL,ECOMM_RETAIL,N_NOT_ENROLLED,IN_TRANSIT,FEDEX_INTL,False,True,False,False,0,4,11,8,0
dsp_00571,pay_70f2be964741,2025-07-07 05:00:00,8123.58,MC_4837_FRAUD,MASTERCARD,SBI,FASHION_APPAREL,Y_AUTHENTICATED,DELIVERED,BLUEDART,True,True,True,True,0,1,10,9,0
dsp_00572,pay_ea7246170c8e,2025-07-07 12:00:00,2977.38,VISA_10_4_FRAUD,VISA,CITI_INTL,FASHION_APPAREL,U_UNAVAILABLE,DELIVERED,INDIAPOST,True,False,False,True,0,1,24,13,1
dsp_00573,pay_2cc1fbd181c5,2025-07-07 23:00:00,1363.14,MC_4837_FRAUD,MASTERCARD,CITI_INTL,FASHION_APPAREL,Y_AUTHENTICATED,RETURNED,BLUEDART,False,False,True,True,0,0,10,6,0
dsp_00574,pay_d4bf7d8bf367,2025-07-08 13:00:00,1686.4,MC_4853_GOODS_SERVICES,MASTERCARD,SBI,ECOMM_RETAIL,N_NOT_ENROLLED,DELIVERED,BLUEDART,False,True,True,True,1,2,8,5,1
dsp_00575,pay_8a86ae1fbccd,2025-07-08 15:00:00,1527.92,MC_4837_FRAUD,MASTERCARD,ICICI,FOOD_DELIVERY,A_ATTEMPTED,DELIVERED,DTDC,False,True,True,True,0,0,47,9,0
dsp_00576,pay_37fb1d96cb02,2025-07-08 18:00:00,1176.54,VISA_13_1_NOT_RECEIVED,VISA,KOTAK,ELECTRONICS,A_ATTEMPTED,UNKNOWN,BLUEDART,False,False,False,True,2,2,85,3,0
dsp_00577,pay_eff795ab80c2,2025-07-09 15:00:00,516.62,VISA_13_1_NOT_RECEIVED,VISA,HDFC,ECOMM_RETAIL,N_NOT_ENROLLED,IN_TRANSIT,BLUEDART,False,True,True,True,0,0,5,3,0
dsp_00578,pay_e2d277538cc9,2025-07-09 23:00:00,3003.83,MC_4837_FRAUD,MASTERCARD,KOTAK,DIGITAL_SAAS,N_NOT_ENROLLED,NOT_APPLICABLE,NONE,False,True,False,True,2,2,67,3,0
dsp_00579,pay_6a7d8a609760,2025-07-09 19:00:00,1315.9,MC_4853_GOODS_SERVICES,MASTERCARD,AMEX_INTL,ECOMM_RETAIL,A_ATTEMPTED,DELIVERED,BLUEDART,False,False,False,True,1,2,11,14,1
dsp_00580,pay_1c74a4d86456,2025-07-10 17:00:00,33581.13,VISA_10_4_FRAUD,VISA,SBI,FASHION_APPAREL,Y_AUTHENTICATED,DELIVERED,FEDEX_INTL,False,True,False,True,0,1,15,6,1
dsp_00581,pay_e79f8228172a,2025-07-10 14:00:00,16070.8,VISA_13_1_NOT_RECEIVED,VISA,SBI,ELECTRONICS,U_UNAVAILABLE,UNKNOWN,BLUEDART,False,True,True,True,0,1,27,6,0
dsp_00582,pay_aca3650a7c0e,2025-07-10 12:00:00,704.6,VISA_13_1_NOT_RECEIVED,VISA,AXIS,ELECTRONICS,A_ATTEMPTED,DELIVERED,BLUEDART,True,True,True,True,3,1,61,11,1
dsp_00583,pay_b24f06717cc0,2025-07-11 11:00:00,707.34,VISA_13_1_NOT_RECEIVED,VISA,CITI_INTL,FOOD_DELIVERY,N_NOT_ENROLLED,UNKNOWN,FEDEX_INTL,False,True,True,True,0,1,27,10,0
dsp_00584,pay_3d9aa1da5c6c,2025-07-11 14:00:00,3139.43,VISA_10_4_FRAUD,VISA,HDFC,TRAVEL_HOTEL,U_UNAVAILABLE,IN_TRANSIT,DELHIVERY,False,True,False,True,0,1,48,12,0
dsp_00585,pay_be9ca9a4baa9,2025-07-11 15:00:00,15400.47,MC_4853_GOODS_SERVICES,MASTERCARD,CITI_INTL,TRAVEL_HOTEL,U_UNAVAILABLE,UNKNOWN,DTDC,False,True,True,True,0,2,39,10,0
dsp_00586,pay_f405d3ae93bb,2025-07-11 17:00:00,2686.2,VISA_10_4_FRAUD,VISA,ICICI,TRAVEL_HOTEL,N_NOT_ENROLLED,IN_TRANSIT,DTDC,False,False,True,True,0,2,32,9,0
dsp_00587,pay_08fa5286fbbd,2025-07-12 02:00:00,423.71,VISA_13_1_NOT_RECEIVED,VISA,KOTAK,ELECTRONICS,A_ATTEMPTED,RETURNED,FEDEX_INTL,False,True,True,True,1,0,4,11,1
dsp_00588,pay_203abc6ddb9c,2025-07-12 21:00:00,15094.87,MC_4853_GOODS_SERVICES,MASTERCARD,AXIS,FASHION_APPAREL,N_NOT_ENROLLED,DELIVERED,INDIAPOST,True,False,False,False,5,3,65,14,0
dsp_00589,pay_af9a2d28c63a,2025-07-12 09:00:00,1740.8,VISA_10_4_FRAUD,VISA,SBI,TRAVEL_HOTEL,Y_AUTHENTICATED,DELIVERED,BLUEDART,True,True,False,True,0,1,32,6,1
dsp_00590,pay_26000e3106cb,2025-07-13 04:00:00,759.0,VISA_13_1_NOT_RECEIVED,VISA,AXIS,FOOD_DELIVERY,Y_AUTHENTICATED,IN_TRANSIT,INDIAPOST,False,True,False,False,3,1,24,11,0
dsp_00591,pay_0c116423a55a,2025-07-13 16:00:00,4044.91,MC_4853_GOODS_SERVICES,MASTERCARD,CITI_INTL,TRAVEL_HOTEL,Y_AUTHENTICATED,RETURNED,DTDC,False,False,True,True,5,1,89,11,1
dsp_00592,pay_68225419cc5e,2025-07-13 07:00:00,1906.5,VISA_13_3_DEFECTIVE,VISA,HDFC,FOOD_DELIVERY,Y_AUTHENTICATED,DELIVERED,BLUEDART,False,True,False,True,0,4,66,13,1
dsp_00593,pay_1a103f124cc4,2025-07-14 09:00:00,1119.74,MC_4837_FRAUD,MASTERCARD,AXIS,FASHION_APPAREL,Y_AUTHENTICATED,IN_TRANSIT,DELHIVERY,False,True,False,True,3,0,25,2,0
dsp_00594,pay_2a6986303f8f,2025-07-14 00:00:00,1596.85,VISA_13_1_NOT_RECEIVED,VISA,CITI_INTL,TRAVEL_HOTEL,Y_AUTHENTICATED,RETURNED,FEDEX_INTL,False,True,True,False,1,0,51,2,0
dsp_00595,pay_3a06a83d38ae,2025-07-14 22:00:00,17410.16,VISA_13_3_DEFECTIVE,VISA,HDFC,ELECTRONICS,N_NOT_ENROLLED,IN_TRANSIT,FEDEX_INTL,False,True,True,True,3,1,42,4,0
dsp_00596,pay_745c2cad0a05,2025-07-14 02:00:00,11564.79,VISA_13_1_NOT_RECEIVED,VISA,AMEX_INTL,ELECTRONICS,U_UNAVAILABLE,DELIVERED,DTDC,True,True,True,True,0,6,86,14,1
dsp_00597,pay_19d1e430bf2b,2025-07-15 11:00:00,422.09,VISA_13_1_NOT_RECEIVED,VISA,SBI,ELECTRONICS,N_NOT_ENROLLED,DELIVERED,FEDEX_INTL,True,True,False,True,0,6,85,3,0
dsp_00598,pay_70beed0441a7,2025-07-15 14:00:00,1554.4,VISA_10_4_FRAUD,VISA,HDFC,DIGITAL_SAAS,A_ATTEMPTED,NOT_APPLICABLE,NONE,False,False,False,True,1,6,40,6,0
dsp_00599,pay_ac5e9af95eee,2025-07-15 14:00:00,1149.01,VISA_13_1_NOT_RECEIVED,VISA,ICICI,TRAVEL_HOTEL,A_ATTEMPTED,DELIVERED,FEDEX_INTL,False,True,False,True,0,4,25,12,1
dsp_00600,pay_96536eb71807,2025-07-16 20:00:00,1926.43,VISA_10_4_FRAUD,VISA,CITI_INTL,ELECTRONICS,A_ATTEMPTED,DELIVERED,DELHIVERY,True,True,True,True,1,4,69,8,1
dsp_00601,pay_1524ca84e4fd,2025-07-16 06:00:00,327.95,VISA_13_1_NOT_RECEIVED,VISA,CITI_INTL,ECOMM_RETAIL,U_UNAVAILABLE,DELIVERED,FEDEX_INTL,True,True,True,True,0,1,86,2,1
dsp_00602,pay_85b3a0cb3629,2025-07-16 15:00:00,2270.61,VISA_13_3_DEFECTIVE,VISA,KOTAK,TRAVEL_HOTEL,N_NOT_ENROLLED,DELIVERED,INDIAPOST,False,False,True,True,0,3,23,13,0
dsp_00603,pay_8b9ac5b0538c,2025-07-17 07:00:00,18893.7,MC_4853_GOODS_SERVICES,MASTERCARD,ICICI,ELECTRONICS,U_UNAVAILABLE,UNKNOWN,FEDEX_INTL,False,True,False,True,0,1,87,5,0
dsp_00604,pay_df161a047ae3,2025-07-17 10:00:00,3810.45,VISA_13_3_DEFECTIVE,VISA,KOTAK,FASHION_APPAREL,Y_AUTHENTICATED,DELIVERED,BLUEDART,False,True,True,True,0,3,69,5,1
dsp_00605,pay_279f3608eb4c,2025-07-17 03:00:00,2324.0,VISA_13_1_NOT_RECEIVED,VISA,SBI,TRAVEL_HOTEL,A_ATTEMPTED,IN_TRANSIT,BLUEDART,False,True,False,True,1,4,82,9,0
dsp_00606,pay_accd1b8f6b2e,2025-07-18 19:00:00,923.93,VISA_10_4_FRAUD,VISA,ICICI,FOOD_DELIVERY,N_NOT_ENROLLED,DELIVERED,INDIAPOST,True,False,False,True,0,1,65,6,0
dsp_00607,pay_20fda9a785f7,2025-07-18 04:00:00,4169.07,VISA_13_3_DEFECTIVE,VISA,ICICI,TRAVEL_HOTEL,Y_AUTHENTICATED,IN_TRANSIT,FEDEX_INTL,False,True,True,True,0,6,88,14,1
dsp_00608,pay_c2b50b1fa18b,2025-07-18 22:00:00,4223.62,VISA_13_1_NOT_RECEIVED,VISA,SBI,ELECTRONICS,Y_AUTHENTICATED,DELIVERED,INDIAPOST,True,True,True,True,1,3,48,6,1
dsp_00609,pay_238524d654df,2025-07-18 09:00:00,686.4,MC_4837_FRAUD,MASTERCARD,KOTAK,ECOMM_RETAIL,A_ATTEMPTED,UNKNOWN,BLUEDART,False,True,True,False,2,1,79,6,1
dsp_00610,pay_40b07ffe6188,2025-07-19 00:00:00,1319.83,VISA_10_4_FRAUD,VISA,HDFC,FOOD_DELIVERY,Y_AUTHENTICATED,DELIVERED,DTDC,True,False,True,True,5,2,73,9,1
dsp_00611,pay_ff07aea4793e,2025-07-19 22:00:00,7188.72,VISA_13_1_NOT_RECEIVED,VISA,ICICI,ELECTRONICS,A_ATTEMPTED,DELIVERED,DELHIVERY,True,True,True,True,1,3,23,2,1
dsp_00612,pay_cca1e5b58d8d,2025-07-19 07:00:00,19102.27,MC_4837_FRAUD,MASTERCARD,ICICI,FASHION_APPAREL,A_ATTEMPTED,RETURNED,DTDC,False,False,True,False,1,3,44,12,0
dsp_00613,pay_afcb4d185f4a,2025-07-20 11:00:00,3060.71,MC_4837_FRAUD,MASTERCARD,HDFC,DIGITAL_SAAS,N_NOT_ENROLLED,NOT_APPLICABLE,NONE,False,False,True,True,5,4,87,12,0
dsp_00614,pay_fd413e526574,2025-07-20 14:00:00,150.0,MC_4837_FRAUD,MASTERCARD,AXIS,FASHION_APPAREL,Y_AUTHENTICATED,DELIVERED,INDIAPOST,False,True,True,True,2,6,74,8,1
dsp_00615,pay_f83a3d11ffc0,2025-07-20 03:00:00,4941.5,VISA_10_4_FRAUD,VISA,SBI,FASHION_APPAREL,A_ATTEMPTED,UNKNOWN,DTDC,False,False,False,True,0,1,81,2,0
dsp_00616,pay_e0501acedff7,2025-07-21 05:00:00,2851.76,VISA_13_3_DEFECTIVE,VISA,KOTAK,DIGITAL_SAAS,N_NOT_ENROLLED,NOT_APPLICABLE,NONE,False,True,True,False,2,0,14,12,0
dsp_00617,pay_227eec045a38,2025-07-21 22:00:00,556.48,VISA_10_4_FRAUD,VISA,AMEX_INTL,ELECTRONICS,Y_AUTHENTICATED,DELIVERED,BLUEDART,False,True,True,True,0,3,58,14,1
dsp_00618,pay_795273106bae,2025-07-21 16:00:00,250.9,MC_4837_FRAUD,MASTERCARD,KOTAK,ECOMM_RETAIL,U_UNAVAILABLE,UNKNOWN,INDIAPOST,False,True,True,True,0,0,71,12,0
dsp_00619,pay_e00485a1398c,2025-07-21 13:00:00,1185.97,VISA_13_1_NOT_RECEIVED,VISA,CITI_INTL,FASHION_APPAREL,A_ATTEMPTED,DELIVERED,INDIAPOST,False,False,True,True,0,3,20,6,1
dsp_00620,pay_c84b907ffa8a,2025-07-22 01:00:00,12468.96,VISA_13_3_DEFECTIVE,VISA,SBI,ECOMM_RETAIL,U_UNAVAILABLE,DELIVERED,INDIAPOST,True,True,True,True,0,6,34,7,1
dsp_00621,pay_8dffc3e1a293,2025-07-22 04:00:00,402.83,MC_4837_FRAUD,MASTERCARD,HDFC,ECOMM_RETAIL,N_NOT_ENROLLED,UNKNOWN,DELHIVERY,False,True,False,True,1,0,34,2,0
dsp_00622,pay_c415f3ec522b,2025-07-22 07:00:00,1524.97,VISA_13_1_NOT_RECEIVED,VISA,HDFC,ECOMM_RETAIL,Y_AUTHENTICATED,IN_TRANSIT,DELHIVERY,False,False,True,True,0,1,36,13,1
dsp_00623,pay_93b177494e94,2025-07-23 07:00:00,1064.87,MC_4837_FRAUD,MASTERCARD,CITI_INTL,TRAVEL_HOTEL,N_NOT_ENROLLED,UNKNOWN,BLUEDART,False,True,True,False,3,6,75,4,0
dsp_00624,pay_bcdf36e11cf4,2025-07-23 18:00:00,565.18,MC_4853_GOODS_SERVICES,MASTERCARD,AXIS,ECOMM_RETAIL,U_UNAVAILABLE,DELIVERED,INDIAPOST,True,True,False,True,0,1,33,7,1
dsp_00625,pay_2db3e32d9132,2025-07-23 04:00:00,8500.55,VISA_10_4_FRAUD,VISA,ICICI,TRAVEL_HOTEL,A_ATTEMPTED,IN_TRANSIT,DTDC,False,True,True,True,0,6,20,5,0
dsp_00626,pay_f3fb5de2cb6e,2025-07-24 00:00:00,1157.81,VISA_13_3_DEFECTIVE,VISA,SBI,FASHION_APPAREL,A_ATTEMPTED,IN_TRANSIT,FEDEX_INTL,False,False,True,True,0,1,30,4,1
dsp_00627,pay_28ff2f68a8a2,2025-07-24 00:00:00,3454.13,MC_4853_GOODS_SERVICES,MASTERCARD,AMEX_INTL,FASHION_APPAREL,N_NOT_ENROLLED,DELIVERED,FEDEX_INTL,False,True,True,True,2,2,35,10,1
dsp_00628,pay_c757b6d254d9,2025-07-24 20:00:00,1277.17,VISA_10_4_FRAUD,VISA,HDFC,FASHION_APPAREL,Y_AUTHENTICATED,DELIVERED,BLUEDART,True,True,True,True,1,6,17,9,1
dsp_00629,pay_7f8221d751e6,2025-07-25 13:00:00,567.38,MC_4837_FRAUD,MASTERCARD,KOTAK,ECOMM_RETAIL,U_UNAVAILABLE,DELIVERED,INDIAPOST,True,True,True,True,0,1,36,13,1
dsp_00630,pay_d00cd6d9b38a,2025-07-25 21:00:00,3519.53,MC_4837_FRAUD,MASTERCARD,KOTAK,TRAVEL_HOTEL,N_NOT_ENROLLED,DELIVERED,BLUEDART,True,True,True,True,1,1,39,5,0
dsp_00631,pay_64b0fe2ca6d1,2025-07-25 12:00:00,890.81,MC_4837_FRAUD,MASTERCARD,CITI_INTL,ECOMM_RETAIL,A_ATTEMPTED,IN_TRANSIT,INDIAPOST,False,True,True,True,0,2,52,13,0
dsp_00632,pay_b40e2ae08621,2025-07-25 22:00:00,1123.54,VISA_13_1_NOT_RECEIVED,VISA,KOTAK,DIGITAL_SAAS,Y_AUTHENTICATED,NOT_APPLICABLE,NONE,False,False,True,True,3,1,36,6,0
dsp_00633,pay_7fb443097958,2025-07-26 08:00:00,1347.38,VISA_13_3_DEFECTIVE,VISA,AXIS,FASHION_APPAREL,A_ATTEMPTED,UNKNOWN,DELHIVERY,False,False,True,True,1,0,37,12,1
dsp_00634,pay_0fc9f5eb3fa4,2025-07-26 06:00:00,204.85,VISA_13_3_DEFECTIVE,VISA,AMEX_INTL,ELECTRONICS,U_UNAVAILABLE,DELIVERED,DELHIVERY,False,True,True,True,2,2,60,9,1
dsp_00635,pay_175e1fad64c7,2025-07-26 13:00:00,587.33,VISA_10_4_FRAUD,VISA,AMEX_INTL,FASHION_APPAREL,N_NOT_ENROLLED,RETURNED,BLUEDART,False,False,True,True,5,0,14,9,0
dsp_00636,pay_a00826104fa7,2025-07-27 14:00:00,7158.77,MC_4837_FRAUD,MASTERCARD,AXIS,ECOMM_RETAIL,U_UNAVAILABLE,DELIVERED,DTDC,True,True,True,True,1,1,43,2,0
dsp_00637,pay_51d5105a06b0,2025-07-27 13:00:00,1428.02,MC_4837_FRAUD,MASTERCARD,CITI_INTL,DIGITAL_SAAS,U_UNAVAILABLE,NOT_APPLICABLE,NONE,False,True,True,True,0,0,63,7,0
dsp_00638,pay_fa957a8da3b5,2025-07-27 01:00:00,150.0,VISA_10_4_FRAUD,VISA,HDFC,ELECTRONICS,A_ATTEMPTED,DELIVERED,FEDEX_INTL,True,True,False,True,0,2,29,13,1
dsp_00639,pay_f536fd31f192,2025-07-28 16:00:00,1988.07,VISA_10_4_FRAUD,VISA,AXIS,TRAVEL_HOTEL,N_NOT_ENROLLED,DELIVERED,DTDC,True,False,True,False,0,2,56,6,0
dsp_00640,pay_7b518e79c7f1,2025-07-28 20:00:00,191.21,VISA_10_4_FRAUD,VISA,AXIS,ECOMM_RETAIL,A_ATTEMPTED,UNKNOWN,FEDEX_INTL,False,True,True,True,0,6,87,7,0
dsp_00641,pay_011161f7062e,2025-07-28 05:00:00,1621.67,VISA_13_1_NOT_RECEIVED,VISA,AMEX_INTL,FOOD_DELIVERY,N_NOT_ENROLLED,UNKNOWN,DTDC,False,True,True,True,0,0,62,5,0
dsp_00642,pay_29928f892ebf,2025-07-28 20:00:00,1846.97,VISA_10_4_FRAUD,VISA,ICICI,FASHION_APPAREL,U_UNAVAILABLE,RETURNED,DTDC,False,True,True,True,1,6,74,13,0
dsp_00643,pay_34d065dc6591,2025-07-29 15:00:00,605.47,VISA_13_1_NOT_RECEIVED,VISA,AXIS,DIGITAL_SAAS,A_ATTEMPTED,NOT_APPLICABLE,NONE,False,False,False,False,1,0,39,8,0
dsp_00644,pay_33cc5ff4159a,2025-07-29 13:00:00,1511.59,VISA_13_1_NOT_RECEIVED,VISA,SBI,TRAVEL_HOTEL,U_UNAVAILABLE,DELIVERED,DTDC,False,True,True,True,0,1,73,13,1
dsp_00645,pay_831b1812ee87,2025-07-29 22:00:00,557.38,MC_4853_GOODS_SERVICES,MASTERCARD,SBI,TRAVEL_HOTEL,A_ATTEMPTED,DELIVERED,DTDC,True,True,False,False,0,2,86,13,1
dsp_00646,pay_3e3357644093,2025-07-30 01:00:00,2329.32,MC_4837_FRAUD,MASTERCARD,KOTAK,DIGITAL_SAAS,Y_AUTHENTICATED,NOT_APPLICABLE,NONE,False,True,True,True,2,6,52,9,0
dsp_00647,pay_357718943ae4,2025-07-30 01:00:00,906.85,VISA_13_1_NOT_RECEIVED,VISA,CITI_INTL,TRAVEL_HOTEL,Y_AUTHENTICATED,DELIVERED,INDIAPOST,True,True,False,True,0,3,76,12,1
dsp_00648,pay_8ca9c2d7d337,2025-07-30 05:00:00,2161.92,VISA_13_1_NOT_RECEIVED,VISA,CITI_INTL,FOOD_DELIVERY,U_UNAVAILABLE,DELIVERED,DELHIVERY,True,True,False,True,5,3,84,11,0
dsp_00649,pay_f70d0bc4f928,2025-07-31 11:00:00,1555.92,VISA_13_1_NOT_RECEIVED,VISA,KOTAK,FASHION_APPAREL,N_NOT_ENROLLED,UNKNOWN,BLUEDART,False,False,True,True,0,1,7,8,0
dsp_00650,pay_75f7edc9d91f,2025-07-31 12:00:00,397.86,VISA_13_1_NOT_RECEIVED,VISA,AMEX_INTL,FASHION_APPAREL,N_NOT_ENROLLED,IN_TRANSIT,INDIAPOST,False,False,True,True,1,4,46,11,0
dsp_00651,pay_d27d467c39de,2025-07-31 01:00:00,869.69,VISA_10_4_FRAUD,VISA,AXIS,DIGITAL_SAAS,U_UNAVAILABLE,NOT_APPLICABLE,NONE,False,True,True,True,0,1,61,6,0
dsp_00652,pay_809b6d5824bb,2025-08-01 19:00:00,2186.28,MC_4853_GOODS_SERVICES,MASTERCARD,AXIS,FOOD_DELIVERY,N_NOT_ENROLLED,DELIVERED,INDIAPOST,True,True,True,True,1,1,60,6,1
dsp_00653,pay_d47857aaf2aa,2025-08-01 06:00:00,1041.22,VISA_13_1_NOT_RECEIVED,VISA,CITI_INTL,ECOMM_RETAIL,Y_AUTHENTICATED,IN_TRANSIT,BLUEDART,False,False,True,True,3,1,52,4,1
dsp_00654,pay_cc80f83486b3,2025-08-01 20:00:00,2670.59,MC_4853_GOODS_SERVICES,MASTERCARD,HDFC,DIGITAL_SAAS,A_ATTEMPTED,NOT_APPLICABLE,NONE,False,True,True,True,2,3,41,13,1
dsp_00655,pay_b3cb4179aca3,2025-08-01 12:00:00,4488.01,VISA_13_1_NOT_RECEIVED,VISA,HDFC,DIGITAL_SAAS,A_ATTEMPTED,NOT_APPLICABLE,NONE,False,True,True,False,0,4,54,7,0
dsp_00656,pay_356f4172d020,2025-08-02 19:00:00,1018.94,MC_4853_GOODS_SERVICES,MASTERCARD,KOTAK,ECOMM_RETAIL,A_ATTEMPTED,IN_TRANSIT,FEDEX_INTL,False,False,True,True,0,6,76,9,0
dsp_00657,pay_ee72b41c90be,2025-08-02 12:00:00,150.0,VISA_10_4_FRAUD,VISA,AXIS,FASHION_APPAREL,U_UNAVAILABLE,DELIVERED,DTDC,True,True,True,True,5,1,75,2,1
dsp_00658,pay_709d594b33d4,2025-08-02 17:00:00,4025.7,VISA_13_1_NOT_RECEIVED,VISA,HDFC,TRAVEL_HOTEL,Y_AUTHENTICATED,RETURNED,FEDEX_INTL,False,True,True,True,0,0,79,7,1
dsp_00659,pay_d53e49a0ec2e,2025-08-03 04:00:00,1713.35,VISA_13_1_NOT_RECEIVED,VISA,AMEX_INTL,ELECTRONICS,A_ATTEMPTED,DELIVERED,FEDEX_INTL,True,False,True,True,5,6,34,5,1
dsp_00660,pay_acaee4edc38c,2025-08-03 17:00:00,1479.34,VISA_10_4_FRAUD,VISA,CITI_INTL,ECOMM_RETAIL,Y_AUTHENTICATED,UNKNOWN,FEDEX_INTL,False,True,True,True,5,0,72,10,0
dsp_00661,pay_7b70cd59e35a,2025-08-03 17:00:00,1331.39,MC_4837_FRAUD,MASTERCARD,KOTAK,DIGITAL_SAAS,A_ATTEMPTED,NOT_APPLICABLE,NONE,False,True,True,True,5,4,62,9,1
dsp_00662,pay_8f4c37a0ac8b,2025-08-04 16:00:00,1440.6,VISA_13_1_NOT_RECEIVED,VISA,KOTAK,DIGITAL_SAAS,U_UNAVAILABLE,NOT_APPLICABLE,NONE,False,True,True,True,1,2,30,14,1
dsp_00663,pay_714e0c255fc1,2025-08-04 22:00:00,2410.5,MC_4837_FRAUD,MASTERCARD,SBI,TRAVEL_HOTEL,N_NOT_ENROLLED,DELIVERED,DELHIVERY,True,True,True,True,5,1,41,9,0
dsp_00664,pay_d1527865357e,2025-08-04 08:00:00,288.51,MC_4853_GOODS_SERVICES,MASTERCARD,AMEX_INTL,DIGITAL_SAAS,A_ATTEMPTED,NOT_APPLICABLE,NONE,False,True,True,True,1,0,27,2,0
dsp_00665,pay_afb07a19375e,2025-08-04 01:00:00,857.76,MC_4837_FRAUD,MASTERCARD,KOTAK,FOOD_DELIVERY,Y_AUTHENTICATED,IN_TRANSIT,FEDEX_INTL,False,True,False,False,0,1,28,4,1
dsp_00666,pay_f66f23270cb3,2025-08-05 05:00:00,874.13,MC_4837_FRAUD,MASTERCARD,HDFC,FOOD_DELIVERY,A_ATTEMPTED,DELIVERED,DTDC,True,True,True,True,3,2,63,10,1
dsp_00667,pay_04ebabacc6b7,2025-08-05 20:00:00,738.53,VISA_10_4_FRAUD,VISA,AMEX_INTL,ECOMM_RETAIL,Y_AUTHENTICATED,IN_TRANSIT,DELHIVERY,False,False,False,True,2,0,42,5,1
dsp_00668,pay_244575382012,2025-08-05 00:00:00,5645.84,MC_4837_FRAUD,MASTERCARD,SBI,DIGITAL_SAAS,Y_AUTHENTICATED,NOT_APPLICABLE,NONE,False,True,True,True,0,2,82,7,0
dsp_00669,pay_3727949008e2,2025-08-06 18:00:00,14874.83,MC_4837_FRAUD,MASTERCARD,ICICI,ECOMM_RETAIL,U_UNAVAILABLE,UNKNOWN,FEDEX_INTL,False,True,True,False,0,4,37,14,0
dsp_00670,pay_81a83ee98ae5,2025-08-06 15:00:00,6941.03,VISA_10_4_FRAUD,VISA,AXIS,ECOMM_RETAIL,A_ATTEMPTED,UNKNOWN,FEDEX_INTL,False,True,True,False,0,4,81,13,1
dsp_00671,pay_ee464a2d116d,2025-08-06 19:00:00,492.19,MC_4853_GOODS_SERVICES,MASTERCARD,KOTAK,FASHION_APPAREL,N_NOT_ENROLLED,DELIVERED,FEDEX_INTL,True,False,True,True,3,1,65,4,1
dsp_00672,pay_5c3ee9b45b67,2025-08-07 10:00:00,3574.16,MC_4837_FRAUD,MASTERCARD,HDFC,TRAVEL_HOTEL,Y_AUTHENTICATED,DELIVERED,DTDC,True,True,True,True,0,0,57,3,1
dsp_00673,pay_a8a31c209c35,2025-08-07 03:00:00,2627.31,VISA_13_1_NOT_RECEIVED,VISA,HDFC,DIGITAL_SAAS,U_UNAVAILABLE,NOT_APPLICABLE,NONE,False,False,True,True,0,3,27,9,0
dsp_00674,pay_9f422552fc8f,2025-08-07 21:00:00,9905.05,VISA_13_3_DEFECTIVE,VISA,ICICI,DIGITAL_SAAS,Y_AUTHENTICATED,NOT_APPLICABLE,NONE,False,False,True,True,0,1,63,5,0
dsp_00675,pay_284d162b3c42,2025-08-08 16:00:00,477.89,VISA_13_3_DEFECTIVE,VISA,CITI_INTL,ECOMM_RETAIL,A_ATTEMPTED,DELIVERED,BLUEDART,True,True,True,False,1,0,62,12,1
dsp_00676,pay_5c45b0f20fa2,2025-08-08 21:00:00,3700.85,MC_4837_FRAUD,MASTERCARD,SBI,ECOMM_RETAIL,U_UNAVAILABLE,DELIVERED,FEDEX_INTL,False,False,True,True,3,6,85,10,0
dsp_00677,pay_0bcb6790dcfb,2025-08-08 08:00:00,3550.2,MC_4853_GOODS_SERVICES,MASTERCARD,HDFC,DIGITAL_SAAS,A_ATTEMPTED,NOT_APPLICABLE,NONE,False,True,True,False,0,3,89,14,1
dsp_00678,pay_884348bd1ed2,2025-08-08 13:00:00,3184.03,VISA_10_4_FRAUD,VISA,KOTAK,DIGITAL_SAAS,N_NOT_ENROLLED,NOT_APPLICABLE,NONE,False,False,False,True,0,2,87,6,0
dsp_00679,pay_2200ff4271f3,2025-08-09 05:00:00,5972.49,VISA_10_4_FRAUD,VISA,AXIS,TRAVEL_HOTEL,Y_AUTHENTICATED,RETURNED,BLUEDART,False,True,True,True,0,2,27,5,1
dsp_00680,pay_352db65d8a16,2025-08-09 22:00:00,2536.36,MC_4853_GOODS_SERVICES,MASTERCARD,CITI_INTL,ELECTRONICS,U_UNAVAILABLE,UNKNOWN,INDIAPOST,False,True,True,True,0,2,30,12,0
dsp_00681,pay_c396ff5781df,2025-08-09 01:00:00,5440.82,VISA_13_3_DEFECTIVE,VISA,ICICI,FOOD_DELIVERY,N_NOT_ENROLLED,DELIVERED,DELHIVERY,False,True,False,False,0,4,62,4,0
dsp_00682,pay_c26c7e0878cd,2025-08-10 17:00:00,2223.88,VISA_13_1_NOT_RECEIVED,VISA,CITI_INTL,FOOD_DELIVERY,U_UNAVAILABLE,RETURNED,DTDC,False,False,True,True,0,2,29,7,0
dsp_00683,pay_6444cb5044ef,2025-08-10 03:00:00,5159.11,VISA_13_1_NOT_RECEIVED,VISA,KOTAK,TRAVEL_HOTEL,A_ATTEMPTED,UNKNOWN,BLUEDART,False,True,True,True,0,4,25,3,1
dsp_00684,pay_83258a387792,2025-08-10 23:00:00,4495.63,MC_4837_FRAUD,MASTERCARD,AMEX_INTL,ECOMM_RETAIL,A_ATTEMPTED,RETURNED,DELHIVERY,False,True,False,True,1,6,21,9,0
dsp_00685,pay_fd013590c0e9,2025-08-11 18:00:00,1016.77,VISA_10_4_FRAUD,VISA,AMEX_INTL,FOOD_DELIVERY,Y_AUTHENTICATED,DELIVERED,INDIAPOST,True,True,True,True,0,0,79,5,0
dsp_00686,pay_92a7c1ebc9bc,2025-08-11 23:00:00,967.19,VISA_13_1_NOT_RECEIVED,VISA,AXIS,ELECTRONICS,U_UNAVAILABLE,RETURNED,DELHIVERY,False,True,False,True,0,3,63,4,0
dsp_00687,pay_21e982a1061d,2025-08-11 04:00:00,1018.87,MC_4837_FRAUD,MASTERCARD,AXIS,ELECTRONICS,N_NOT_ENROLLED,DELIVERED,FEDEX_INTL,False,True,False,True,5,0,72,9,0
dsp_00688,pay_bf3f1c525cdb,2025-08-11 08:00:00,708.72,MC_4853_GOODS_SERVICES,MASTERCARD,KOTAK,FOOD_DELIVERY,Y_AUTHENTICATED,UNKNOWN,FEDEX_INTL,False,True,True,True,2,3,55,4,1
dsp_00689,pay_f70794c87960,2025-08-12 00:00:00,4546.81,MC_4853_GOODS_SERVICES,MASTERCARD,CITI_INTL,ELECTRONICS,Y_AUTHENTICATED,DELIVERED,BLUEDART,True,False,True,True,1,0,28,5,1
dsp_00690,pay_647feffcb6c1,2025-08-12 06:00:00,13001.81,MC_4853_GOODS_SERVICES,MASTERCARD,ICICI,FOOD_DELIVERY,Y_AUTHENTICATED,DELIVERED,FEDEX_INTL,True,True,True,True,1,2,80,8,1
dsp_00691,pay_40afb8c4871f,2025-08-12 15:00:00,10021.21,VISA_13_1_NOT_RECEIVED,VISA,ICICI,DIGITAL_SAAS,N_NOT_ENROLLED,NOT_APPLICABLE,NONE,False,True,True,True,0,1,82,4,0
dsp_00692,pay_3b00af76ddb2,2025-08-13 09:00:00,12022.69,VISA_10_4_FRAUD,VISA,SBI,FOOD_DELIVERY,U_UNAVAILABLE,RETURNED,DTDC,False,True,True,True,0,0,80,14,0
dsp_00693,pay_d4884eed9e8f,2025-08-13 06:00:00,1657.22,VISA_13_1_NOT_RECEIVED,VISA,AMEX_INTL,TRAVEL_HOTEL,U_UNAVAILABLE,IN_TRANSIT,BLUEDART,False,True,False,True,0,6,61,6,0
dsp_00694,pay_5b4ebeb29da1,2025-08-13 09:00:00,20922.74,VISA_10_4_FRAUD,VISA,HDFC,FASHION_APPAREL,U_UNAVAILABLE,UNKNOWN,FEDEX_INTL,False,True,True,True,2,0,41,7,0
dsp_00695,pay_402753442abe,2025-08-14 20:00:00,697.3,VISA_13_1_NOT_RECEIVED,VISA,AMEX_INTL,ELECTRONICS,U_UNAVAILABLE,DELIVERED,DTDC,True,True,False,True,0,3,14,7,1
dsp_00696,pay_6857f26b2dce,2025-08-14 23:00:00,715.22,MC_4837_FRAUD,MASTERCARD,CITI_INTL,ECOMM_RETAIL,N_NOT_ENROLLED,DELIVERED,INDIAPOST,False,True,False,True,0,1,83,3,0
dsp_00697,pay_cad8ec2029e8,2025-08-14 03:00:00,3462.09,VISA_10_4_FRAUD,VISA,AXIS,FASHION_APPAREL,Y_AUTHENTICATED,DELIVERED,INDIAPOST,False,True,False,True,0,0,88,3,1
dsp_00698,pay_4ce5de5776b4,2025-08-15 22:00:00,966.29,VISA_10_4_FRAUD,VISA,AMEX_INTL,ELECTRONICS,U_UNAVAILABLE,DELIVERED,BLUEDART,False,True,True,True,2,0,37,8,0
dsp_00699,pay_8d5e7ad94dd0,2025-08-15 19:00:00,8235.26,MC_4837_FRAUD,MASTERCARD,HDFC,TRAVEL_HOTEL,U_UNAVAILABLE,DELIVERED,INDIAPOST,True,False,True,False,2,2,6,6,0
dsp_00700,pay_f2c4c5af9a63,2025-08-15 02:00:00,491.6,MC_4837_FRAUD,MASTERCARD,AMEX_INTL,FOOD_DELIVERY,Y_AUTHENTICATED,IN_TRANSIT,DTDC,False,True,True,True,0,0,87,6,0
dsp_00701,pay_be404ce946e9,2025-08-15 20:00:00,35460.96,VISA_13_3_DEFECTIVE,VISA,CITI_INTL,FOOD_DELIVERY,U_UNAVAILABLE,DELIVERED,INDIAPOST,True,True,True,True,0,2,58,3,1
dsp_00702,pay_44268d40fe02,2025-08-16 04:00:00,200000.0,VISA_10_4_FRAUD,VISA,AXIS,TRAVEL_HOTEL,Y_AUTHENTICATED,DELIVERED,DTDC,True,True,True,True,5,0,32,3,1
dsp_00703,pay_6a0e9b57bc4d,2025-08-16 13:00:00,1704.68,VISA_13_3_DEFECTIVE,VISA,CITI_INTL,ECOMM_RETAIL,A_ATTEMPTED,RETURNED,INDIAPOST,False,True,False,True,1,4,29,13,0
dsp_00704,pay_f9bc7afb0766,2025-08-16 07:00:00,1030.72,VISA_13_1_NOT_RECEIVED,VISA,AMEX_INTL,ECOMM_RETAIL,U_UNAVAILABLE,RETURNED,BLUEDART,False,True,True,False,0,2,8,14,1
dsp_00705,pay_5a9f7376703d,2025-08-17 20:00:00,8818.49,MC_4837_FRAUD,MASTERCARD,KOTAK,TRAVEL_HOTEL,U_UNAVAILABLE,DELIVERED,BLUEDART,True,True,True,False,0,0,27,4,1
dsp_00706,pay_e9712675d238,2025-08-17 16:00:00,11068.56,VISA_13_3_DEFECTIVE,VISA,ICICI,ELECTRONICS,N_NOT_ENROLLED,DELIVERED,DTDC,True,False,True,True,0,3,15,11,1
dsp_00707,pay_9d46a80bf2c6,2025-08-17 09:00:00,747.79,MC_4853_GOODS_SERVICES,MASTERCARD,CITI_INTL,ELECTRONICS,N_NOT_ENROLLED,IN_TRANSIT,DTDC,False,True,True,True,2,1,5,13,0
dsp_00708,pay_f0e7034e3a30,2025-08-18 03:00:00,451.52,VISA_13_1_NOT_RECEIVED,VISA,AXIS,FOOD_DELIVERY,U_UNAVAILABLE,UNKNOWN,DELHIVERY,False,False,True,True,0,0,39,6,0
dsp_00709,pay_dff33a663de1,2025-08-18 06:00:00,3236.52,MC_4837_FRAUD,MASTERCARD,ICICI,TRAVEL_HOTEL,Y_AUTHENTICATED,UNKNOWN,INDIAPOST,False,True,True,True,0,0,26,9,0
dsp_00710,pay_2471dbbd96fa,2025-08-18 02:00:00,421.54,VISA_13_1_NOT_RECEIVED,VISA,KOTAK,FASHION_APPAREL,A_ATTEMPTED,IN_TRANSIT,INDIAPOST,False,True,True,True,0,1,64,2,1
dsp_00711,pay_cac3d647fba3,2025-08-18 17:00:00,383.1,MC_4837_FRAUD,MASTERCARD,AMEX_INTL,TRAVEL_HOTEL,A_ATTEMPTED,IN_TRANSIT,DTDC,False,True,False,True,0,3,87,14,0
dsp_00712,pay_9def11ed2962,2025-08-19 19:00:00,602.16,MC_4853_GOODS_SERVICES,MASTERCARD,KOTAK,ECOMM_RETAIL,N_NOT_ENROLLED,DELIVERED,DTDC,True,True,False,True,1,6,77,14,1
dsp_00713,pay_dd488ef2771f,2025-08-19 00:00:00,860.09,MC_4853_GOODS_SERVICES,MASTERCARD,KOTAK,FOOD_DELIVERY,Y_AUTHENTICATED,DELIVERED,BLUEDART,False,True,False,True,1,2,18,9,1
dsp_00714,pay_95dde8b02c1f,2025-08-19 00:00:00,1986.25,MC_4837_FRAUD,MASTERCARD,CITI_INTL,ELECTRONICS,A_ATTEMPTED,DELIVERED,DTDC,False,True,False,True,1,1,30,2,0
dsp_00715,pay_ceca20461e45,2025-08-20 03:00:00,2366.6,VISA_13_3_DEFECTIVE,VISA,SBI,ECOMM_RETAIL,A_ATTEMPTED,RETURNED,FEDEX_INTL,False,True,True,True,5,1,46,14,1
dsp_00716,pay_28ce233e4bf3,2025-08-20 04:00:00,2178.6,MC_4837_FRAUD,MASTERCARD,AXIS,ECOMM_RETAIL,U_UNAVAILABLE,DELIVERED,DTDC,True,False,True,True,1,2,36,2,1
dsp_00717,pay_e491355d57ed,2025-08-20 07:00:00,1199.21,VISA_13_3_DEFECTIVE,VISA,CITI_INTL,DIGITAL_SAAS,U_UNAVAILABLE,NOT_APPLICABLE,NONE,False,True,True,True,0,2,42,12,1
dsp_00718,pay_2e74c74e09e1,2025-08-21 10:00:00,4248.63,VISA_13_3_DEFECTIVE,VISA,CITI_INTL,TRAVEL_HOTEL,N_NOT_ENROLLED,DELIVERED,DTDC,False,False,True,True,0,4,64,3,0
dsp_00719,pay_f0762b41a2b7,2025-08-21 00:00:00,11836.54,MC_4853_GOODS_SERVICES,MASTERCARD,KOTAK,FASHION_APPAREL,Y_AUTHENTICATED,DELIVERED,DELHIVERY,True,True,True,True,5,4,72,12,1
dsp_00720,pay_250cfe453aa2,2025-08-21 03:00:00,2637.31,MC_4837_FRAUD,MASTERCARD,ICICI,ELECTRONICS,U_UNAVAILABLE,IN_TRANSIT,FEDEX_INTL,False,True,True,True,2,2,86,5,1
dsp_00721,pay_065cd099d0a0,2025-08-22 05:00:00,3119.87,VISA_10_4_FRAUD,VISA,HDFC,ECOMM_RETAIL,A_ATTEMPTED,IN_TRANSIT,BLUEDART,False,False,True,False,0,1,7,3,0
dsp_00722,pay_6de2c13f8980,2025-08-22 20:00:00,1361.64,VISA_13_3_DEFECTIVE,VISA,KOTAK,DIGITAL_SAAS,Y_AUTHENTICATED,NOT_APPLICABLE,NONE,False,True,False,True,0,3,23,10,1
dsp_00723,pay_eb3c051a1675,2025-08-22 03:00:00,7330.92,VISA_13_1_NOT_RECEIVED,VISA,KOTAK,ECOMM_RETAIL,A_ATTEMPTED,DELIVERED,FEDEX_INTL,True,True,False,True,5,6,82,9,1
dsp_00724,pay_f1984b42506c,2025-08-22 17:00:00,656.92,VISA_13_3_DEFECTIVE,VISA,KOTAK,ELECTRONICS,U_UNAVAILABLE,RETURNED,DELHIVERY,False,True,False,True,0,1,79,13,0
dsp_00725,pay_8afff8adbf84,2025-08-23 04:00:00,2020.85,VISA_13_1_NOT_RECEIVED,VISA,AXIS,DIGITAL_SAAS,N_NOT_ENROLLED,NOT_APPLICABLE,NONE,False,True,True,False,3,0,33,12,0
dsp_00726,pay_734dd7b10645,2025-08-23 15:00:00,559.89,VISA_13_1_NOT_RECEIVED,VISA,AXIS,TRAVEL_HOTEL,Y_AUTHENTICATED,IN_TRANSIT,BLUEDART,False,True,True,True,0,2,34,3,1
dsp_00727,pay_23c78523195a,2025-08-23 14:00:00,1610.9,VISA_13_1_NOT_RECEIVED,VISA,ICICI,DIGITAL_SAAS,N_NOT_ENROLLED,NOT_APPLICABLE,NONE,False,True,True,True,0,2,36,2,1
dsp_00728,pay_63afca8d6493,2025-08-24 20:00:00,743.5,MC_4853_GOODS_SERVICES,MASTERCARD,KOTAK,FASHION_APPAREL,A_ATTEMPTED,DELIVERED,INDIAPOST,True,True,True,True,0,6,60,8,1
dsp_00729,pay_ca81b91ec348,2025-08-24 15:00:00,3859.49,VISA_13_1_NOT_RECEIVED,VISA,ICICI,ECOMM_RETAIL,Y_AUTHENTICATED,RETURNED,DTDC,False,True,True,True,1,6,69,10,0
dsp_00730,pay_d60d5bc4ba8c,2025-08-24 13:00:00,3969.62,VISA_10_4_FRAUD,VISA,KOTAK,ECOMM_RETAIL,Y_AUTHENTICATED,IN_TRANSIT,DTDC,False,True,True,True,3,1,81,10,1
dsp_00731,pay_7f8d096ee0d0,2025-08-25 07:00:00,1911.48,VISA_13_3_DEFECTIVE,VISA,AMEX_INTL,FASHION_APPAREL,A_ATTEMPTED,DELIVERED,DELHIVERY,True,True,True,False,0,0,14,2,1
dsp_00732,pay_1bc7cfc5395f,2025-08-25 06:00:00,5839.38,MC_4853_GOODS_SERVICES,MASTERCARD,SBI,FASHION_APPAREL,N_NOT_ENROLLED,DELIVERED,BLUEDART,True,True,True,True,1,6,88,13,1
dsp_00733,pay_310f5d035e6f,2025-08-25 03:00:00,981.0,VISA_10_4_FRAUD,VISA,HDFC,FASHION_APPAREL,U_UNAVAILABLE,DELIVERED,BLUEDART,True,False,False,True,0,4,45,2,1
dsp_00734,pay_fdd401540f40,2025-08-25 15:00:00,1335.93,VISA_10_4_FRAUD,VISA,HDFC,ECOMM_RETAIL,A_ATTEMPTED,IN_TRANSIT,FEDEX_INTL,False,True,True,True,0,3,70,2,1
dsp_00735,pay_461ae5006064,2025-08-26 04:00:00,254.73,VISA_10_4_FRAUD,VISA,KOTAK,TRAVEL_HOTEL,A_ATTEMPTED,UNKNOWN,INDIAPOST,False,True,False,False,0,4,17,5,0
dsp_00736,pay_0b5da0db424d,2025-08-26 00:00:00,1569.97,MC_4837_FRAUD,MASTERCARD,HDFC,ECOMM_RETAIL,U_UNAVAILABLE,IN_TRANSIT,INDIAPOST,False,True,True,True,1,0,12,5,0
dsp_00737,pay_1ab90a6fe67e,2025-08-26 16:00:00,10780.97,VISA_13_1_NOT_RECEIVED,VISA,HDFC,DIGITAL_SAAS,N_NOT_ENROLLED,NOT_APPLICABLE,NONE,False,True,True,True,0,0,56,6,0
dsp_00738,pay_dad59caf2a52,2025-08-27 17:00:00,1728.85,MC_4837_FRAUD,MASTERCARD,HDFC,DIGITAL_SAAS,Y_AUTHENTICATED,NOT_APPLICABLE,NONE,False,True,True,True,5,0,72,7,0
dsp_00739,pay_f9de4271f230,2025-08-27 16:00:00,2936.75,VISA_13_3_DEFECTIVE,VISA,AMEX_INTL,FOOD_DELIVERY,N_NOT_ENROLLED,DELIVERED,DELHIVERY,True,True,True,True,0,2,67,6,1
dsp_00740,pay_fb878169dcbc,2025-08-27 11:00:00,4348.92,VISA_10_4_FRAUD,VISA,CITI_INTL,TRAVEL_HOTEL,N_NOT_ENROLLED,DELIVERED,DELHIVERY,True,True,False,True,3,2,37,11,1
dsp_00741,pay_3f217de485ad,2025-08-28 19:00:00,10770.87,VISA_13_3_DEFECTIVE,VISA,AXIS,DIGITAL_SAAS,U_UNAVAILABLE,NOT_APPLICABLE,NONE,False,False,True,True,2,6,20,5,0
dsp_00742,pay_1d576fa97626,2025-08-28 06:00:00,9221.87,VISA_10_4_FRAUD,VISA,HDFC,TRAVEL_HOTEL,A_ATTEMPTED,DELIVERED,DTDC,True,True,False,True,5,6,52,3,1
dsp_00743,pay_9cfee5e8a020,2025-08-28 13:00:00,1877.48,MC_4837_FRAUD,MASTERCARD,HDFC,TRAVEL_HOTEL,Y_AUTHENTICATED,DELIVERED,INDIAPOST,False,False,True,False,0,1,37,9,1
dsp_00744,pay_4f0402de2a0a,2025-08-28 03:00:00,13468.66,VISA_13_1_NOT_RECEIVED,VISA,KOTAK,ECOMM_RETAIL,N_NOT_ENROLLED,DELIVERED,BLUEDART,False,False,False,True,0,1,67,9,0
dsp_00745,pay_362f55766b14,2025-08-29 14:00:00,1986.21,MC_4837_FRAUD,MASTERCARD,SBI,DIGITAL_SAAS,Y_AUTHENTICATED,NOT_APPLICABLE,NONE,False,True,True,True,0,6,37,4,0
dsp_00746,pay_4eede3bd12f6,2025-08-29 18:00:00,927.76,MC_4853_GOODS_SERVICES,MASTERCARD,AMEX_INTL,FOOD_DELIVERY,U_UNAVAILABLE,DELIVERED,FEDEX_INTL,True,False,False,True,0,1,78,8,0
dsp_00747,pay_6e3dfed980a8,2025-08-29 01:00:00,1219.1,VISA_13_1_NOT_RECEIVED,VISA,CITI_INTL,FASHION_APPAREL,U_UNAVAILABLE,RETURNED,FEDEX_INTL,False,False,False,False,3,2,46,14,0
dsp_00748,pay_6277fd268a72,2025-08-30 04:00:00,909.62,VISA_13_3_DEFECTIVE,VISA,AXIS,FOOD_DELIVERY,A_ATTEMPTED,DELIVERED,DELHIVERY,True,True,True,True,1,3,18,2,1
dsp_00749,pay_18356f58ad47,2025-08-30 07:00:00,744.7,MC_4837_FRAUD,MASTERCARD,KOTAK,TRAVEL_HOTEL,Y_AUTHENTICATED,IN_TRANSIT,DTDC,False,False,True,True,2,0,25,3,0
dsp_00750,pay_93a8fb787f81,2025-08-30 03:00:00,1603.36,VISA_10_4_FRAUD,VISA,AMEX_INTL,FOOD_DELIVERY,A_ATTEMPTED,DELIVERED,BLUEDART,True,True,False,True,0,2,8,2,1
dsp_00751,pay_0ba8f76cfd3d,2025-08-31 11:00:00,3725.3,VISA_13_3_DEFECTIVE,VISA,CITI_INTL,FASHION_APPAREL,Y_AUTHENTICATED,UNKNOWN,BLUEDART,False,False,True,True,0,4,88,5,0
dsp_00752,pay_70b53aecd8a4,2025-08-31 21:00:00,6991.03,MC_4853_GOODS_SERVICES,MASTERCARD,KOTAK,ECOMM_RETAIL,Y_AUTHENTICATED,DELIVERED,INDIAPOST,True,True,True,True,3,4,6,8,1
dsp_00753,pay_08f1cbed67e1,2025-08-31 05:00:00,2389.74,VISA_13_1_NOT_RECEIVED,VISA,AXIS,ECOMM_RETAIL,N_NOT_ENROLLED,DELIVERED,INDIAPOST,True,True,True,True,0,1,18,13,1
dsp_00754,pay_173d1f549539,2025-09-01 18:00:00,1215.33,VISA_10_4_FRAUD,VISA,CITI_INTL,FOOD_DELIVERY,A_ATTEMPTED,RETURNED,BLUEDART,False,True,True,True,0,2,38,11,0
dsp_00755,pay_2f0b575b8c6b,2025-09-01 22:00:00,953.27,VISA_13_1_NOT_RECEIVED,VISA,AMEX_INTL,TRAVEL_HOTEL,A_ATTEMPTED,DELIVERED,DTDC,True,True,True,False,2,2,24,8,1
dsp_00756,pay_4a838dd0c364,2025-09-01 17:00:00,28209.12,MC_4853_GOODS_SERVICES,MASTERCARD,ICICI,ECOMM_RETAIL,Y_AUTHENTICATED,IN_TRANSIT,FEDEX_INTL,False,False,False,True,5,0,4,13,1
dsp_00757,pay_95c97c689ad5,2025-09-01 03:00:00,2533.13,VISA_10_4_FRAUD,VISA,ICICI,TRAVEL_HOTEL,U_UNAVAILABLE,RETURNED,INDIAPOST,False,True,False,True,1,1,41,7,0
dsp_00758,pay_aea2bf7640ff,2025-09-02 03:00:00,379.21,MC_4837_FRAUD,MASTERCARD,AXIS,TRAVEL_HOTEL,A_ATTEMPTED,DELIVERED,DTDC,True,True,True,True,0,0,35,14,1
dsp_00759,pay_d8333f38e755,2025-09-02 03:00:00,1931.95,VISA_10_4_FRAUD,VISA,SBI,ELECTRONICS,N_NOT_ENROLLED,UNKNOWN,DTDC,False,False,True,True,1,6,76,12,1
dsp_00760,pay_811bd0d7ae44,2025-09-02 01:00:00,2117.42,MC_4837_FRAUD,MASTERCARD,CITI_INTL,ELECTRONICS,N_NOT_ENROLLED,RETURNED,INDIAPOST,False,True,True,True,5,4,54,8,0
dsp_00761,pay_9167c6034a26,2025-09-03 01:00:00,2130.03,VISA_10_4_FRAUD,VISA,ICICI,FOOD_DELIVERY,U_UNAVAILABLE,DELIVERED,FEDEX_INTL,True,True,False,False,0,0,28,12,0
dsp_00762,pay_ef4a64cedae0,2025-09-03 11:00:00,11202.16,VISA_10_4_FRAUD,VISA,AXIS,DIGITAL_SAAS,Y_AUTHENTICATED,NOT_APPLICABLE,NONE,False,True,False,True,3,0,50,13,0
dsp_00763,pay_1c1251cc02c8,2025-09-03 20:00:00,1438.33,MC_4837_FRAUD,MASTERCARD,HDFC,ELECTRONICS,Y_AUTHENTICATED,UNKNOWN,DELHIVERY,False,True,True,True,3,2,78,11,1
dsp_00764,pay_f1bd02c8c8f5,2025-09-04 19:00:00,3420.9,MC_4853_GOODS_SERVICES,MASTERCARD,CITI_INTL,ELECTRONICS,N_NOT_ENROLLED,DELIVERED,DTDC,False,True,True,True,0,1,82,8,0
dsp_00765,pay_be31d449a61d,2025-09-04 02:00:00,2310.0,VISA_13_1_NOT_RECEIVED,VISA,SBI,FASHION_APPAREL,U_UNAVAILABLE,DELIVERED,BLUEDART,True,True,True,True,0,3,4,9,1
dsp_00766,pay_fb9309a98c46,2025-09-04 07:00:00,297.22,MC_4837_FRAUD,MASTERCARD,SBI,DIGITAL_SAAS,Y_AUTHENTICATED,NOT_APPLICABLE,NONE,False,True,False,False,1,4,75,5,0
dsp_00767,pay_56618f97a815,2025-09-04 04:00:00,10558.52,VISA_10_4_FRAUD,VISA,AMEX_INTL,FOOD_DELIVERY,N_NOT_ENROLLED,UNKNOWN,INDIAPOST,False,False,True,True,0,1,26,9,0
dsp_00768,pay_81b3565afc84,2025-09-05 08:00:00,11311.39,VISA_10_4_FRAUD,VISA,SBI,TRAVEL_HOTEL,N_NOT_ENROLLED,DELIVERED,DTDC,False,True,False,True,0,3,5,11,1
dsp_00769,pay_912df3a70b0e,2025-09-05 20:00:00,3497.26,VISA_10_4_FRAUD,VISA,AMEX_INTL,ECOMM_RETAIL,Y_AUTHENTICATED,DELIVERED,INDIAPOST,False,True,True,True,0,6,6,10,1
dsp_00770,pay_e75904839b01,2025-09-05 12:00:00,3268.02,MC_4853_GOODS_SERVICES,MASTERCARD,AXIS,ECOMM_RETAIL,A_ATTEMPTED,DELIVERED,INDIAPOST,False,True,True,True,0,1,65,5,1
dsp_00771,pay_68bc242d11ee,2025-09-06 12:00:00,8603.93,VISA_13_3_DEFECTIVE,VISA,AMEX_INTL,DIGITAL_SAAS,N_NOT_ENROLLED,NOT_APPLICABLE,NONE,False,True,True,False,5,4,8,8,0
dsp_00772,pay_8f1158e13158,2025-09-06 10:00:00,164.85,MC_4853_GOODS_SERVICES,MASTERCARD,CITI_INTL,FASHION_APPAREL,N_NOT_ENROLLED,DELIVERED,FEDEX_INTL,False,True,False,True,0,6,25,11,1
dsp_00773,pay_8520b3e64be5,2025-09-06 00:00:00,3561.26,VISA_10_4_FRAUD,VISA,HDFC,DIGITAL_SAAS,Y_AUTHENTICATED,NOT_APPLICABLE,NONE,False,True,True,True,1,0,73,8,0
dsp_00774,pay_0da015962258,2025-09-07 15:00:00,5253.3,MC_4837_FRAUD,MASTERCARD,ICICI,ECOMM_RETAIL,N_NOT_ENROLLED,IN_TRANSIT,DELHIVERY,False,True,True,True,0,1,34,2,0
dsp_00775,pay_196c80c73b7d,2025-09-07 16:00:00,6952.87,VISA_13_3_DEFECTIVE,VISA,CITI_INTL,DIGITAL_SAAS,Y_AUTHENTICATED,NOT_APPLICABLE,NONE,False,True,True,True,5,1,21,4,1
dsp_00776,pay_7b9aed333509,2025-09-07 09:00:00,357.57,VISA_13_1_NOT_RECEIVED,VISA,AXIS,ELECTRONICS,A_ATTEMPTED,UNKNOWN,DTDC,False,True,True,True,2,1,17,5,0
dsp_00777,pay_26bc58c41b5e,2025-09-08 09:00:00,280.79,MC_4853_GOODS_SERVICES,MASTERCARD,HDFC,DIGITAL_SAAS,Y_AUTHENTICATED,NOT_APPLICABLE,NONE,False,False,True,True,0,1,57,7,0
dsp_00778,pay_3f3f4d6adcd9,2025-09-08 02:00:00,444.84,VISA_13_3_DEFECTIVE,VISA,CITI_INTL,TRAVEL_HOTEL,N_NOT_ENROLLED,DELIVERED,DTDC,True,True,True,True,5,2,25,10,1
dsp_00779,pay_7326ca454d77,2025-09-08 06:00:00,823.63,VISA_13_1_NOT_RECEIVED,VISA,CITI_INTL,DIGITAL_SAAS,A_ATTEMPTED,NOT_APPLICABLE,NONE,False,False,True,False,0,1,5,6,0
dsp_00780,pay_7ce7f9b492ee,2025-09-08 00:00:00,252.1,VISA_13_1_NOT_RECEIVED,VISA,CITI_INTL,ECOMM_RETAIL,U_UNAVAILABLE,RETURNED,BLUEDART,False,True,True,False,0,0,67,12,1
dsp_00781,pay_ebe9cda82411,2025-09-09 17:00:00,150.0,VISA_10_4_FRAUD,VISA,AMEX_INTL,ELECTRONICS,Y_AUTHENTICATED,DELIVERED,DELHIVERY,True,False,False,True,1,0,71,12,1
dsp_00782,pay_e3266610a81a,2025-09-09 18:00:00,2963.88,MC_4837_FRAUD,MASTERCARD,AMEX_INTL,TRAVEL_HOTEL,Y_AUTHENTICATED,DELIVERED,BLUEDART,True,True,False,True,1,6,28,2,1
dsp_00783,pay_24463b262b6a,2025-09-09 04:00:00,7425.64,VISA_13_3_DEFECTIVE,VISA,AMEX_INTL,DIGITAL_SAAS,A_ATTEMPTED,NOT_APPLICABLE,NONE,False,False,True,True,1,0,53,6,0
dsp_00784,pay_c4a7974e4898,2025-09-10 16:00:00,977.45,VISA_13_1_NOT_RECEIVED,VISA,AMEX_INTL,ELECTRONICS,A_ATTEMPTED,IN_TRANSIT,INDIAPOST,False,False,True,True,2,3,76,4,0
dsp_00785,pay_626d3d9a8aa0,2025-09-10 17:00:00,1037.12,MC_4853_GOODS_SERVICES,MASTERCARD,SBI,FOOD_DELIVERY,A_ATTEMPTED,DELIVERED,DTDC,False,True,True,True,2,0,61,2,1
dsp_00786,pay_eab7067caa07,2025-09-10 20:00:00,11108.48,VISA_13_1_NOT_RECEIVED,VISA,AMEX_INTL,DIGITAL_SAAS,A_ATTEMPTED,NOT_APPLICABLE,NONE,False,True,True,True,0,0,78,9,1
dsp_00787,pay_9b7e81b9e2fe,2025-09-11 22:00:00,1001.16,VISA_13_3_DEFECTIVE,VISA,CITI_INTL,TRAVEL_HOTEL,Y_AUTHENTICATED,DELIVERED,BLUEDART,True,True,False,True,0,0,47,10,0
dsp_00788,pay_56573b79d952,2025-09-11 02:00:00,424.79,VISA_13_3_DEFECTIVE,VISA,HDFC,TRAVEL_HOTEL,A_ATTEMPTED,IN_TRANSIT,FEDEX_INTL,False,False,True,True,5,3,22,11,0
dsp_00789,pay_fe7e167f579c,2025-09-11 18:00:00,726.25,VISA_10_4_FRAUD,VISA,SBI,FOOD_DELIVERY,U_UNAVAILABLE,DELIVERED,FEDEX_INTL,True,True,True,True,2,1,31,3,1
dsp_00790,pay_e2404e6c34ba,2025-09-11 16:00:00,5541.36,VISA_13_3_DEFECTIVE,VISA,HDFC,FOOD_DELIVERY,N_NOT_ENROLLED,DELIVERED,DTDC,True,True,True,True,0,3,75,4,1
dsp_00791,pay_111bbccbd3a6,2025-09-12 15:00:00,926.65,VISA_13_1_NOT_RECEIVED,VISA,CITI_INTL,ECOMM_RETAIL,N_NOT_ENROLLED,UNKNOWN,BLUEDART,False,True,True,True,0,0,29,7,0
dsp_00792,pay_be53cd746cb5,2025-09-12 20:00:00,1597.13,MC_4837_FRAUD,MASTERCARD,SBI,TRAVEL_HOTEL,N_NOT_ENROLLED,DELIVERED,DTDC,True,False,True,True,1,2,9,12,0
dsp_00793,pay_9611306ad99f,2025-09-12 13:00:00,2028.33,VISA_13_3_DEFECTIVE,VISA,HDFC,ELECTRONICS,A_ATTEMPTED,RETURNED,INDIAPOST,False,False,False,True,3,0,88,13,0
dsp_00794,pay_487796a7dbd2,2025-09-13 02:00:00,6841.35,VISA_13_3_DEFECTIVE,VISA,AMEX_INTL,ECOMM_RETAIL,Y_AUTHENTICATED,DELIVERED,BLUEDART,True,True,True,True,5,1,83,8,1
dsp_00795,pay_dd2ec1f052b4,2025-09-13 08:00:00,30618.5,MC_4853_GOODS_SERVICES,MASTERCARD,AMEX_INTL,ECOMM_RETAIL,A_ATTEMPTED,IN_TRANSIT,INDIAPOST,False,True,True,True,3,0,20,11,1
dsp_00796,pay_6f892e5174df,2025-09-13 16:00:00,621.55,VISA_10_4_FRAUD,VISA,KOTAK,FASHION_APPAREL,N_NOT_ENROLLED,DELIVERED,INDIAPOST,True,True,True,True,2,1,14,11,1
dsp_00797,pay_288012e84df2,2025-09-14 16:00:00,24298.53,VISA_13_1_NOT_RECEIVED,VISA,KOTAK,FOOD_DELIVERY,A_ATTEMPTED,UNKNOWN,DTDC,False,True,False,True,1,3,40,8,0
dsp_00798,pay_b26c2c9f8437,2025-09-14 23:00:00,7154.0,VISA_13_1_NOT_RECEIVED,VISA,KOTAK,FOOD_DELIVERY,U_UNAVAILABLE,IN_TRANSIT,DELHIVERY,False,True,True,True,0,4,46,5,0
dsp_00799,pay_c94cb28071ab,2025-09-14 22:00:00,987.88,MC_4837_FRAUD,MASTERCARD,AMEX_INTL,ELECTRONICS,N_NOT_ENROLLED,RETURNED,BLUEDART,False,True,True,True,1,0,48,14,0
dsp_00800,pay_4c258841a367,2025-09-15 16:00:00,3038.05,MC_4837_FRAUD,MASTERCARD,AXIS,ELECTRONICS,Y_AUTHENTICATED,DELIVERED,BLUEDART,False,True,False,True,0,3,49,3,1
dsp_00801,pay_3ad97675d422,2025-09-15 18:00:00,4592.55,VISA_13_3_DEFECTIVE,VISA,SBI,FOOD_DELIVERY,A_ATTEMPTED,DELIVERED,DELHIVERY,True,False,True,True,0,6,75,4,1
dsp_00802,pay_82e245b24a5f,2025-09-15 14:00:00,398.23,VISA_10_4_FRAUD,VISA,HDFC,TRAVEL_HOTEL,Y_AUTHENTICATED,UNKNOWN,BLUEDART,False,False,True,True,3,4,30,10,1
dsp_00803,pay_48e712c299ff,2025-09-15 22:00:00,1684.64,MC_4853_GOODS_SERVICES,MASTERCARD,KOTAK,TRAVEL_HOTEL,U_UNAVAILABLE,DELIVERED,FEDEX_INTL,True,False,False,False,1,2,40,7,0
dsp_00804,pay_36fec6eb543b,2025-09-16 22:00:00,1470.66,MC_4837_FRAUD,MASTERCARD,HDFC,FASHION_APPAREL,Y_AUTHENTICATED,RETURNED,FEDEX_INTL,False,True,True,True,2,3,57,9,1
dsp_00805,pay_c945955a0695,2025-09-16 10:00:00,2297.99,VISA_13_3_DEFECTIVE,VISA,AXIS,TRAVEL_HOTEL,Y_AUTHENTICATED,DELIVERED,DELHIVERY,True,True,False,False,1,1,48,4,1
dsp_00806,pay_1fa9ef1aec34,2025-09-16 22:00:00,1670.35,MC_4853_GOODS_SERVICES,MASTERCARD,AMEX_INTL,FOOD_DELIVERY,N_NOT_ENROLLED,UNKNOWN,DELHIVERY,False,True,True,True,5,2,47,3,0
dsp_00807,pay_f75db5384f4c,2025-09-17 09:00:00,2259.13,VISA_13_3_DEFECTIVE,VISA,AXIS,FOOD_DELIVERY,A_ATTEMPTED,DELIVERED,DELHIVERY,True,False,True,False,5,0,21,11,1
dsp_00808,pay_8eb9fddd4d38,2025-09-17 02:00:00,2773.46,VISA_10_4_FRAUD,VISA,KOTAK,ECOMM_RETAIL,A_ATTEMPTED,DELIVERED,DTDC,True,True,True,True,5,6,13,5,1
dsp_00809,pay_1cb11b9294f5,2025-09-17 01:00:00,473.06,VISA_10_4_FRAUD,VISA,ICICI,FASHION_APPAREL,Y_AUTHENTICATED,IN_TRANSIT,INDIAPOST,False,True,True,True,1,2,42,2,0
dsp_00810,pay_81ded9d00c5c,2025-09-18 15:00:00,2975.86,VISA_13_1_NOT_RECEIVED,VISA,HDFC,ECOMM_RETAIL,N_NOT_ENROLLED,IN_TRANSIT,DELHIVERY,False,True,True,True,0,3,7,11,0
dsp_00811,pay_83847d144e89,2025-09-18 10:00:00,816.37,VISA_10_4_FRAUD,VISA,ICICI,TRAVEL_HOTEL,Y_AUTHENTICATED,DELIVERED,FEDEX_INTL,False,False,False,True,0,0,20,6,1
dsp_00812,pay_b56183c7339b,2025-09-18 12:00:00,2912.46,VISA_10_4_FRAUD,VISA,AMEX_INTL,ELECTRONICS,N_NOT_ENROLLED,UNKNOWN,INDIAPOST,False,True,True,True,3,1,66,10,0
dsp_00813,pay_f5fd08e18a9d,2025-09-18 05:00:00,2481.63,MC_4837_FRAUD,MASTERCARD,CITI_INTL,ELECTRONICS,N_NOT_ENROLLED,UNKNOWN,INDIAPOST,False,True,False,True,1,0,59,6,0
dsp_00814,pay_5a60eed7b524,2025-09-19 22:00:00,569.73,VISA_10_4_FRAUD,VISA,AXIS,ECOMM_RETAIL,Y_AUTHENTICATED,RETURNED,DELHIVERY,False,True,False,False,0,0,66,11,0
dsp_00815,pay_5439652aaad0,2025-09-19 03:00:00,11180.46,MC_4837_FRAUD,MASTERCARD,HDFC,DIGITAL_SAAS,A_ATTEMPTED,NOT_APPLICABLE,NONE,False,True,False,True,5,3,62,14,1
dsp_00816,pay_9e0a0583e52f,2025-09-19 05:00:00,4240.22,MC_4837_FRAUD,MASTERCARD,SBI,TRAVEL_HOTEL,N_NOT_ENROLLED,DELIVERED,DELHIVERY,False,True,False,True,2,1,40,8,0
dsp_00817,pay_2d07ddadc2f5,2025-09-20 01:00:00,564.18,MC_4853_GOODS_SERVICES,MASTERCARD,SBI,ECOMM_RETAIL,N_NOT_ENROLLED,RETURNED,DELHIVERY,False,False,True,True,3,1,64,2,0
dsp_00818,pay_3de3981917be,2025-09-20 22:00:00,1604.19,VISA_13_3_DEFECTIVE,VISA,CITI_INTL,FASHION_APPAREL,Y_AUTHENTICATED,UNKNOWN,DTDC,False,False,False,True,0,6,78,12,0
dsp_00819,pay_2e2b0dff8bd0,2025-09-20 13:00:00,1280.44,VISA_13_3_DEFECTIVE,VISA,AXIS,ECOMM_RETAIL,Y_AUTHENTICATED,IN_TRANSIT,BLUEDART,False,True,True,False,2,2,26,9,1
dsp_00820,pay_ef825e711bd9,2025-09-21 00:00:00,2105.88,VISA_13_3_DEFECTIVE,VISA,CITI_INTL,TRAVEL_HOTEL,U_UNAVAILABLE,DELIVERED,DELHIVERY,True,True,True,True,0,3,8,10,1
dsp_00821,pay_28f1fc1d67b9,2025-09-21 05:00:00,1310.65,VISA_13_3_DEFECTIVE,VISA,SBI,ELECTRONICS,A_ATTEMPTED,DELIVERED,DTDC,False,True,True,False,0,1,39,3,1
dsp_00822,pay_bf5b39ffe627,2025-09-21 18:00:00,572.46,VISA_13_3_DEFECTIVE,VISA,SBI,ECOMM_RETAIL,U_UNAVAILABLE,DELIVERED,DTDC,True,True,True,True,1,0,76,9,1
dsp_00823,pay_898b7f56d9bd,2025-09-22 00:00:00,159.99,VISA_13_3_DEFECTIVE,VISA,SBI,FASHION_APPAREL,U_UNAVAILABLE,RETURNED,DELHIVERY,False,True,True,True,0,3,64,14,0
dsp_00824,pay_4844982d91cf,2025-09-22 07:00:00,508.36,MC_4837_FRAUD,MASTERCARD,KOTAK,FASHION_APPAREL,Y_AUTHENTICATED,DELIVERED,DELHIVERY,True,True,True,True,0,1,53,3,1
dsp_00825,pay_294280150490,2025-09-22 05:00:00,1370.27,MC_4837_FRAUD,MASTERCARD,SBI,FOOD_DELIVERY,N_NOT_ENROLLED,DELIVERED,BLUEDART,False,True,True,True,5,6,58,9,0
dsp_00826,pay_33a37cfd7438,2025-09-22 10:00:00,12475.98,VISA_13_3_DEFECTIVE,VISA,AMEX_INTL,DIGITAL_SAAS,Y_AUTHENTICATED,NOT_APPLICABLE,NONE,False,True,True,True,5,1,49,2,0
dsp_00827,pay_340d64c14298,2025-09-23 09:00:00,6194.32,VISA_10_4_FRAUD,VISA,AXIS,TRAVEL_HOTEL,Y_AUTHENTICATED,RETURNED,BLUEDART,False,False,True,True,1,1,24,3,0
dsp_00828,pay_8ac10de83057,2025-09-23 15:00:00,1526.67,VISA_13_1_NOT_RECEIVED,VISA,KOTAK,TRAVEL_HOTEL,Y_AUTHENTICATED,DELIVERED,INDIAPOST,True,True,True,True,0,0,81,10,0
dsp_00829,pay_332b4bc3d52d,2025-09-23 20:00:00,5469.87,VISA_10_4_FRAUD,VISA,ICICI,FASHION_APPAREL,U_UNAVAILABLE,DELIVERED,DELHIVERY,True,True,True,True,0,2,18,9,1
dsp_00830,pay_896f12cfbe4d,2025-09-24 16:00:00,4461.75,VISA_13_1_NOT_RECEIVED,VISA,HDFC,ECOMM_RETAIL,A_ATTEMPTED,DELIVERED,DTDC,True,True,True,True,1,0,87,6,0
dsp_00831,pay_eb227e75940f,2025-09-24 14:00:00,1637.06,VISA_13_1_NOT_RECEIVED,VISA,CITI_INTL,TRAVEL_HOTEL,U_UNAVAILABLE,UNKNOWN,DTDC,False,True,True,True,1,1,76,2,1
dsp_00832,pay_798725d498df,2025-09-24 21:00:00,5693.04,VISA_10_4_FRAUD,VISA,ICICI,TRAVEL_HOTEL,N_NOT_ENROLLED,UNKNOWN,DTDC,False,False,True,False,1,0,43,7,0
dsp_00833,pay_e868498a3edd,2025-09-25 19:00:00,3804.06,VISA_13_1_NOT_RECEIVED,VISA,AMEX_INTL,FASHION_APPAREL,N_NOT_ENROLLED,DELIVERED,INDIAPOST,False,True,True,True,1,0,68,2,0
dsp_00834,pay_0cc37bb36c89,2025-09-25 06:00:00,7654.03,VISA_13_3_DEFECTIVE,VISA,HDFC,FOOD_DELIVERY,N_NOT_ENROLLED,DELIVERED,DTDC,True,True,True,False,1,2,8,5,1
dsp_00835,pay_bba96cc05e60,2025-09-25 13:00:00,1173.4,VISA_10_4_FRAUD,VISA,SBI,ECOMM_RETAIL,Y_AUTHENTICATED,UNKNOWN,FEDEX_INTL,False,False,True,True,0,1,65,5,0
dsp_00836,pay_165458b65a8d,2025-09-25 04:00:00,3487.65,VISA_13_1_NOT_RECEIVED,VISA,SBI,FOOD_DELIVERY,Y_AUTHENTICATED,RETURNED,DELHIVERY,False,True,True,True,0,0,78,9,1
dsp_00837,pay_8ee5c8b2df95,2025-09-26 00:00:00,8004.3,MC_4853_GOODS_SERVICES,MASTERCARD,CITI_INTL,FASHION_APPAREL,Y_AUTHENTICATED,DELIVERED,DTDC,True,False,True,False,3,6,39,12,1
dsp_00838,pay_7da0ca3db477,2025-09-26 16:00:00,235.25,MC_4853_GOODS_SERVICES,MASTERCARD,AXIS,FASHION_APPAREL,N_NOT_ENROLLED,DELIVERED,DTDC,True,False,True,True,3,4,12,6,1
dsp_00839,pay_e7bedff90ec5,2025-09-26 23:00:00,730.54,VISA_13_1_NOT_RECEIVED,VISA,SBI,FASHION_APPAREL,A_ATTEMPTED,DELIVERED,BLUEDART,False,True,True,True,0,2,65,9,1
dsp_00840,pay_ba051a05b885,2025-09-27 00:00:00,1068.76,VISA_13_1_NOT_RECEIVED,VISA,CITI_INTL,DIGITAL_SAAS,N_NOT_ENROLLED,NOT_APPLICABLE,NONE,False,True,True,False,0,1,20,2,0
dsp_00841,pay_823c688b244b,2025-09-27 00:00:00,1410.58,VISA_13_1_NOT_RECEIVED,VISA,SBI,TRAVEL_HOTEL,N_NOT_ENROLLED,UNKNOWN,FEDEX_INTL,False,False,True,True,0,1,20,6,0
dsp_00842,pay_39d372e6670e,2025-09-27 00:00:00,3139.11,MC_4853_GOODS_SERVICES,MASTERCARD,HDFC,FASHION_APPAREL,U_UNAVAILABLE,DELIVERED,FEDEX_INTL,True,True,True,True,0,3,14,4,1
dsp_00843,pay_b17d09af4646,2025-09-28 18:00:00,2007.03,VISA_13_3_DEFECTIVE,VISA,HDFC,FOOD_DELIVERY,N_NOT_ENROLLED,DELIVERED,INDIAPOST,True,True,True,True,0,0,78,8,1
dsp_00844,pay_3e32a3cf1ea2,2025-09-28 17:00:00,2337.16,MC_4853_GOODS_SERVICES,MASTERCARD,HDFC,FASHION_APPAREL,N_NOT_ENROLLED,DELIVERED,FEDEX_INTL,True,True,True,True,1,0,88,6,1
dsp_00845,pay_66986941c959,2025-09-28 14:00:00,689.74,MC_4853_GOODS_SERVICES,MASTERCARD,KOTAK,DIGITAL_SAAS,N_NOT_ENROLLED,NOT_APPLICABLE,NONE,False,True,True,True,0,3,45,6,1
dsp_00846,pay_d12373ae5530,2025-09-29 03:00:00,1270.97,VISA_10_4_FRAUD,VISA,SBI,DIGITAL_SAAS,A_ATTEMPTED,NOT_APPLICABLE,NONE,False,True,False,True,1,0,6,8,0
dsp_00847,pay_b75e4b70bb6b,2025-09-29 05:00:00,3816.13,MC_4853_GOODS_SERVICES,MASTERCARD,AXIS,ELECTRONICS,A_ATTEMPTED,RETURNED,DELHIVERY,False,True,True,True,1,1,81,14,0
dsp_00848,pay_489c83c025c9,2025-09-29 02:00:00,6023.91,MC_4837_FRAUD,MASTERCARD,ICICI,FOOD_DELIVERY,A_ATTEMPTED,RETURNED,BLUEDART,False,False,True,True,0,0,83,4,0
dsp_00849,pay_34e066d33e8a,2025-09-29 12:00:00,1784.88,VISA_13_3_DEFECTIVE,VISA,AMEX_INTL,TRAVEL_HOTEL,U_UNAVAILABLE,DELIVERED,DTDC,False,False,True,True,5,3,30,8,0
dsp_00850,pay_fce20399d94f,2025-09-30 12:00:00,298.37,MC_4837_FRAUD,MASTERCARD,AXIS,TRAVEL_HOTEL,N_NOT_ENROLLED,DELIVERED,INDIAPOST,False,True,True,True,1,0,63,6,0
dsp_00851,pay_1bbd164e7df6,2025-09-30 15:00:00,1569.69,VISA_10_4_FRAUD,VISA,CITI_INTL,TRAVEL_HOTEL,A_ATTEMPTED,UNKNOWN,DTDC,False,True,False,False,3,1,27,2,0
dsp_00852,pay_0184ea09eb2e,2025-09-30 13:00:00,336.55,VISA_13_1_NOT_RECEIVED,VISA,HDFC,FASHION_APPAREL,N_NOT_ENROLLED,IN_TRANSIT,FEDEX_INTL,False,True,False,True,1,0,67,10,0
dsp_00853,pay_2f9728fdf3f9,2025-10-01 14:00:00,1443.03,MC_4837_FRAUD,MASTERCARD,AMEX_INTL,ELECTRONICS,N_NOT_ENROLLED,DELIVERED,DELHIVERY,True,False,True,True,5,6,65,12,1
dsp_00854,pay_e748dc3c8ee2,2025-10-01 03:00:00,2338.37,VISA_13_3_DEFECTIVE,VISA,KOTAK,ECOMM_RETAIL,U_UNAVAILABLE,DELIVERED,DTDC,True,False,True,True,0,0,87,7,0
dsp_00855,pay_81250185bac1,2025-10-01 19:00:00,4087.71,MC_4837_FRAUD,MASTERCARD,CITI_INTL,ELECTRONICS,Y_AUTHENTICATED,UNKNOWN,INDIAPOST,False,True,True,False,3,1,73,5,0
dsp_00856,pay_dabad468587e,2025-10-02 07:00:00,1385.8,VISA_10_4_FRAUD,VISA,AXIS,ELECTRONICS,A_ATTEMPTED,DELIVERED,BLUEDART,True,True,True,True,0,0,17,6,1
dsp_00857,pay_a35032338a21,2025-10-02 16:00:00,1553.87,VISA_10_4_FRAUD,VISA,AMEX_INTL,FOOD_DELIVERY,U_UNAVAILABLE,DELIVERED,INDIAPOST,False,True,True,True,0,1,41,11,1
dsp_00858,pay_8a0fbe703a78,2025-10-02 16:00:00,7940.93,MC_4837_FRAUD,MASTERCARD,SBI,FOOD_DELIVERY,Y_AUTHENTICATED,RETURNED,INDIAPOST,False,False,True,True,0,0,39,7,0
dsp_00859,pay_c606884dbcae,2025-10-02 07:00:00,16415.39,VISA_10_4_FRAUD,VISA,AXIS,DIGITAL_SAAS,Y_AUTHENTICATED,NOT_APPLICABLE,NONE,False,True,False,True,0,1,81,6,1
dsp_00860,pay_2f1424ed33e4,2025-10-03 17:00:00,2108.49,VISA_10_4_FRAUD,VISA,HDFC,TRAVEL_HOTEL,U_UNAVAILABLE,UNKNOWN,FEDEX_INTL,False,False,False,True,0,0,46,7,0
dsp_00861,pay_5aebe92f8dcc,2025-10-03 05:00:00,684.85,VISA_13_1_NOT_RECEIVED,VISA,SBI,ECOMM_RETAIL,N_NOT_ENROLLED,RETURNED,INDIAPOST,False,True,False,True,0,1,77,9,0
dsp_00862,pay_7771fedad6f3,2025-10-03 05:00:00,4696.57,MC_4853_GOODS_SERVICES,MASTERCARD,SBI,DIGITAL_SAAS,Y_AUTHENTICATED,NOT_APPLICABLE,NONE,False,True,False,True,1,0,29,10,0
dsp_00863,pay_ceaa8f59cfcc,2025-10-04 09:00:00,6567.67,VISA_10_4_FRAUD,VISA,AMEX_INTL,FASHION_APPAREL,Y_AUTHENTICATED,RETURNED,DTDC,False,False,True,True,1,2,58,8,0
dsp_00864,pay_7803174f2b3b,2025-10-04 16:00:00,1513.46,VISA_10_4_FRAUD,VISA,SBI,TRAVEL_HOTEL,Y_AUTHENTICATED,DELIVERED,INDIAPOST,True,True,False,True,0,2,63,2,1
dsp_00865,pay_d36fa652884e,2025-10-04 10:00:00,2600.45,MC_4853_GOODS_SERVICES,MASTERCARD,KOTAK,FASHION_APPAREL,U_UNAVAILABLE,RETURNED,DTDC,False,True,False,True,2,2,40,2,0
dsp_00866,pay_c798d9507087,2025-10-05 01:00:00,6972.25,MC_4837_FRAUD,MASTERCARD,ICICI,FOOD_DELIVERY,U_UNAVAILABLE,RETURNED,BLUEDART,False,False,True,True,1,1,37,11,0
dsp_00867,pay_a672fa901a8f,2025-10-05 18:00:00,237.94,VISA_13_1_NOT_RECEIVED,VISA,AXIS,TRAVEL_HOTEL,U_UNAVAILABLE,DELIVERED,FEDEX_INTL,True,False,False,True,0,0,67,14,0
dsp_00868,pay_b0ab13b41fb2,2025-10-05 21:00:00,1348.73,VISA_13_1_NOT_RECEIVED,VISA,SBI,DIGITAL_SAAS,A_ATTEMPTED,NOT_APPLICABLE,NONE,False,False,False,True,0,6,8,3,0
dsp_00869,pay_17ef6dd3b1c6,2025-10-06 02:00:00,3712.35,VISA_13_3_DEFECTIVE,VISA,AXIS,TRAVEL_HOTEL,N_NOT_ENROLLED,DELIVERED,DTDC,False,True,True,True,1,1,29,4,0
dsp_00870,pay_ea794542c948,2025-10-06 03:00:00,23612.39,MC_4837_FRAUD,MASTERCARD,KOTAK,ELECTRONICS,U_UNAVAILABLE,RETURNED,INDIAPOST,False,False,True,False,0,0,80,6,0
dsp_00871,pay_2f50fbc2f082,2025-10-06 04:00:00,1851.89,VISA_13_1_NOT_RECEIVED,VISA,AXIS,FOOD_DELIVERY,U_UNAVAILABLE,DELIVERED,FEDEX_INTL,True,True,True,True,0,1,78,9,1
dsp_00872,pay_df4fe782f89f,2025-10-06 23:00:00,4133.48,VISA_13_1_NOT_RECEIVED,VISA,AMEX_INTL,DIGITAL_SAAS,N_NOT_ENROLLED,NOT_APPLICABLE,NONE,False,True,True,True,0,3,14,4,0
dsp_00873,pay_4a2876dd7d9e,2025-10-07 12:00:00,14412.46,MC_4853_GOODS_SERVICES,MASTERCARD,HDFC,FOOD_DELIVERY,A_ATTEMPTED,DELIVERED,DELHIVERY,False,True,False,True,1,4,78,8,0
dsp_00874,pay_ca263a29b55a,2025-10-07 05:00:00,219.62,VISA_13_1_NOT_RECEIVED,VISA,ICICI,DIGITAL_SAAS,A_ATTEMPTED,NOT_APPLICABLE,NONE,False,False,True,True,0,4,51,11,0
dsp_00875,pay_5afdefe4e779,2025-10-07 12:00:00,918.38,MC_4837_FRAUD,MASTERCARD,HDFC,ELECTRONICS,A_ATTEMPTED,RETURNED,INDIAPOST,False,False,True,False,2,6,6,14,0
dsp_00876,pay_25fa951c14aa,2025-10-08 09:00:00,28705.53,VISA_13_1_NOT_RECEIVED,VISA,CITI_INTL,DIGITAL_SAAS,A_ATTEMPTED,NOT_APPLICABLE,NONE,False,True,True,True,3,3,44,5,1
dsp_00877,pay_e02dfd0ad9e7,2025-10-08 03:00:00,1164.39,MC_4837_FRAUD,MASTERCARD,CITI_INTL,ELECTRONICS,U_UNAVAILABLE,RETURNED,INDIAPOST,False,True,False,False,0,1,5,7,1
dsp_00878,pay_6cabaa3e3d3d,2025-10-08 11:00:00,4691.7,VISA_10_4_FRAUD,VISA,ICICI,ELECTRONICS,N_NOT_ENROLLED,UNKNOWN,DTDC,False,True,True,True,5,2,4,9,0
dsp_00879,pay_4924b433d71f,2025-10-09 21:00:00,2057.64,MC_4853_GOODS_SERVICES,MASTERCARD,HDFC,ELECTRONICS,Y_AUTHENTICATED,IN_TRANSIT,FEDEX_INTL,False,True,True,True,1,2,77,10,1
dsp_00880,pay_30804b66fd42,2025-10-09 22:00:00,6254.32,VISA_10_4_FRAUD,VISA,HDFC,DIGITAL_SAAS,A_ATTEMPTED,NOT_APPLICABLE,NONE,False,False,False,True,1,6,16,14,0
dsp_00881,pay_dc2b6c64366c,2025-10-09 03:00:00,996.74,VISA_13_1_NOT_RECEIVED,VISA,AXIS,TRAVEL_HOTEL,U_UNAVAILABLE,IN_TRANSIT,INDIAPOST,False,True,True,True,0,0,62,3,0
dsp_00882,pay_8e4840c28680,2025-10-09 12:00:00,150.0,MC_4853_GOODS_SERVICES,MASTERCARD,HDFC,DIGITAL_SAAS,N_NOT_ENROLLED,NOT_APPLICABLE,NONE,False,True,True,True,0,1,25,9,0
dsp_00883,pay_7e3173c42352,2025-10-10 14:00:00,5235.73,MC_4837_FRAUD,MASTERCARD,AMEX_INTL,FASHION_APPAREL,A_ATTEMPTED,DELIVERED,FEDEX_INTL,True,True,True,False,1,2,22,14,1
dsp_00884,pay_e797d37ddaf7,2025-10-10 05:00:00,892.87,VISA_13_3_DEFECTIVE,VISA,SBI,ECOMM_RETAIL,U_UNAVAILABLE,DELIVERED,DTDC,True,True,False,True,5,0,7,4,1
dsp_00885,pay_a99d1bd0c4d4,2025-10-10 07:00:00,414.14,MC_4837_FRAUD,MASTERCARD,HDFC,DIGITAL_SAAS,N_NOT_ENROLLED,NOT_APPLICABLE,NONE,False,True,True,False,2,6,69,7,1
dsp_00886,pay_f464968d5b07,2025-10-11 15:00:00,19310.28,MC_4837_FRAUD,MASTERCARD,ICICI,FASHION_APPAREL,U_UNAVAILABLE,DELIVERED,BLUEDART,True,True,True,True,2,0,52,6,1
dsp_00887,pay_68ca05a65fd3,2025-10-11 21:00:00,6095.9,VISA_10_4_FRAUD,VISA,AXIS,DIGITAL_SAAS,N_NOT_ENROLLED,NOT_APPLICABLE,NONE,False,False,False,True,0,1,37,2,0
dsp_00888,pay_df304ea9fcfd,2025-10-11 19:00:00,1700.02,VISA_13_1_NOT_RECEIVED,VISA,HDFC,ELECTRONICS,U_UNAVAILABLE,DELIVERED,DTDC,True,True,False,False,1,1,81,12,1
dsp_00889,pay_b5c2c85dc188,2025-10-12 19:00:00,1483.83,MC_4837_FRAUD,MASTERCARD,ICICI,DIGITAL_SAAS,N_NOT_ENROLLED,NOT_APPLICABLE,NONE,False,True,True,True,0,4,47,12,1
dsp_00890,pay_e2b2912f56eb,2025-10-12 18:00:00,3417.96,VISA_10_4_FRAUD,VISA,AXIS,DIGITAL_SAAS,U_UNAVAILABLE,NOT_APPLICABLE,NONE,False,True,True,True,0,6,17,8,0
dsp_00891,pay_e8cc5a3463f0,2025-10-12 10:00:00,745.11,MC_4853_GOODS_SERVICES,MASTERCARD,KOTAK,TRAVEL_HOTEL,Y_AUTHENTICATED,DELIVERED,DTDC,False,True,False,True,0,6,12,10,0
dsp_00892,pay_e67fe08510c5,2025-10-13 02:00:00,1247.53,VISA_13_1_NOT_RECEIVED,VISA,CITI_INTL,ELECTRONICS,Y_AUTHENTICATED,UNKNOWN,BLUEDART,False,True,False,False,0,2,86,7,0
dsp_00893,pay_dffcee03a83d,2025-10-13 22:00:00,4002.4,MC_4837_FRAUD,MASTERCARD,CITI_INTL,FOOD_DELIVERY,A_ATTEMPTED,IN_TRANSIT,DELHIVERY,False,True,True,False,0,3,20,14,0
dsp_00894,pay_57e1921ace74,2025-10-13 05:00:00,824.8,VISA_13_1_NOT_RECEIVED,VISA,SBI,FASHION_APPAREL,Y_AUTHENTICATED,UNKNOWN,FEDEX_INTL,False,False,True,True,5,2,73,4,1
dsp_00895,pay_11e33c2b32b5,2025-10-13 20:00:00,7293.97,VISA_10_4_FRAUD,VISA,AMEX_INTL,ELECTRONICS,A_ATTEMPTED,UNKNOWN,INDIAPOST,False,True,True,True,1,1,60,7,0
dsp_00896,pay_025eac5d2911,2025-10-14 19:00:00,2138.44,MC_4837_FRAUD,MASTERCARD,HDFC,ELECTRONICS,U_UNAVAILABLE,UNKNOWN,INDIAPOST,False,True,True,True,0,1,62,5,0
dsp_00897,pay_95f388fdaa4a,2025-10-14 23:00:00,560.87,VISA_13_3_DEFECTIVE,VISA,ICICI,TRAVEL_HOTEL,A_ATTEMPTED,IN_TRANSIT,FEDEX_INTL,False,False,True,True,0,4,29,4,0
dsp_00898,pay_f1adaafcdf3e,2025-10-14 11:00:00,1619.68,VISA_13_1_NOT_RECEIVED,VISA,AMEX_INTL,DIGITAL_SAAS,U_UNAVAILABLE,NOT_APPLICABLE,NONE,False,True,True,False,0,1,84,14,0
dsp_00899,pay_6c6d8691b558,2025-10-15 19:00:00,1904.98,VISA_10_4_FRAUD,VISA,HDFC,ECOMM_RETAIL,N_NOT_ENROLLED,IN_TRANSIT,DELHIVERY,False,True,True,True,0,1,3,14,0
dsp_00900,pay_bde6ab28ddc3,2025-10-15 18:00:00,560.23,MC_4853_GOODS_SERVICES,MASTERCARD,AXIS,ELECTRONICS,N_NOT_ENROLLED,RETURNED,BLUEDART,False,True,False,True,1,2,17,10,0
dsp_00901,pay_857203c95024,2025-10-15 01:00:00,4663.25,MC_4837_FRAUD,MASTERCARD,KOTAK,FOOD_DELIVERY,Y_AUTHENTICATED,UNKNOWN,FEDEX_INTL,False,True,True,False,1,2,79,12,0
dsp_00902,pay_ab3c5b105908,2025-10-16 18:00:00,274.66,VISA_13_3_DEFECTIVE,VISA,CITI_INTL,ELECTRONICS,A_ATTEMPTED,DELIVERED,BLUEDART,False,True,False,True,1,0,32,9,0
dsp_00903,pay_4c42d06bdd1f,2025-10-16 17:00:00,7571.01,VISA_13_3_DEFECTIVE,VISA,KOTAK,ECOMM_RETAIL,A_ATTEMPTED,RETURNED,INDIAPOST,False,False,True,True,5,6,49,10,0
dsp_00904,pay_d04a62b2f975,2025-10-16 07:00:00,475.15,MC_4837_FRAUD,MASTERCARD,CITI_INTL,FOOD_DELIVERY,A_ATTEMPTED,DELIVERED,DTDC,False,True,True,True,0,4,11,9,0
dsp_00905,pay_f85767ede87a,2025-10-16 12:00:00,846.93,MC_4853_GOODS_SERVICES,MASTERCARD,AMEX_INTL,TRAVEL_HOTEL,N_NOT_ENROLLED,IN_TRANSIT,BLUEDART,False,False,True,True,3,1,66,14,0
dsp_00906,pay_9d655c7ae8a0,2025-10-17 20:00:00,1413.84,MC_4837_FRAUD,MASTERCARD,HDFC,DIGITAL_SAAS,A_ATTEMPTED,NOT_APPLICABLE,NONE,False,True,False,True,0,4,69,2,0
dsp_00907,pay_4b960a45687b,2025-10-17 17:00:00,2440.25,VISA_10_4_FRAUD,VISA,KOTAK,FOOD_DELIVERY,U_UNAVAILABLE,IN_TRANSIT,INDIAPOST,False,True,False,True,1,4,42,7,0
dsp_00908,pay_78a1e626eb84,2025-10-17 11:00:00,1605.33,MC_4837_FRAUD,MASTERCARD,CITI_INTL,ECOMM_RETAIL,Y_AUTHENTICATED,DELIVERED,INDIAPOST,True,True,True,False,3,0,88,7,1
dsp_00909,pay_7e48ecc512f9,2025-10-18 07:00:00,2603.15,MC_4837_FRAUD,MASTERCARD,AXIS,FASHION_APPAREL,N_NOT_ENROLLED,DELIVERED,BLUEDART,False,True,True,True,2,1,78,6,0
dsp_00910,pay_3c7a4690b6e4,2025-10-18 09:00:00,1447.26,VISA_13_3_DEFECTIVE,VISA,HDFC,FASHION_APPAREL,U_UNAVAILABLE,UNKNOWN,DTDC,False,True,True,True,0,4,39,12,0
dsp_00911,pay_a39042d1c049,2025-10-18 23:00:00,4313.17,MC_4837_FRAUD,MASTERCARD,CITI_INTL,FASHION_APPAREL,N_NOT_ENROLLED,DELIVERED,INDIAPOST,True,False,False,True,3,2,87,4,0
dsp_00912,pay_b5a93a7d845f,2025-10-19 16:00:00,2585.43,VISA_13_3_DEFECTIVE,VISA,ICICI,FASHION_APPAREL,A_ATTEMPTED,IN_TRANSIT,FEDEX_INTL,False,False,True,True,0,1,39,4,0
dsp_00913,pay_551cd517be91,2025-10-19 18:00:00,544.02,MC_4853_GOODS_SERVICES,MASTERCARD,SBI,TRAVEL_HOTEL,Y_AUTHENTICATED,DELIVERED,FEDEX_INTL,True,True,True,True,0,6,47,14,0
dsp_00914,pay_fc1946882694,2025-10-19 20:00:00,795.9,VISA_10_4_FRAUD,VISA,AMEX_INTL,ELECTRONICS,U_UNAVAILABLE,UNKNOWN,INDIAPOST,False,False,True,True,0,2,18,12,0
dsp_00915,pay_72772e9e4e68,2025-10-20 01:00:00,3478.4,VISA_10_4_FRAUD,VISA,SBI,FASHION_APPAREL,N_NOT_ENROLLED,IN_TRANSIT,DELHIVERY,False,True,True,True,0,3,60,14,0
dsp_00916,pay_c25799d92762,2025-10-20 09:00:00,765.46,MC_4837_FRAUD,MASTERCARD,HDFC,FASHION_APPAREL,N_NOT_ENROLLED,DELIVERED,DTDC,True,True,False,True,5,0,18,4,1
dsp_00917,pay_9cd77d6dc2a3,2025-10-20 14:00:00,1047.2,MC_4837_FRAUD,MASTERCARD,AMEX_INTL,FASHION_APPAREL,U_UNAVAILABLE,DELIVERED,DELHIVERY,True,True,True,True,2,2,10,6,1
dsp_00918,pay_1a4f647a30a4,2025-10-20 01:00:00,531.51,VISA_13_1_NOT_RECEIVED,VISA,CITI_INTL,DIGITAL_SAAS,N_NOT_ENROLLED,NOT_APPLICABLE,NONE,False,True,False,True,0,0,81,9,0
dsp_00919,pay_b30fe8e7c774,2025-10-21 10:00:00,3076.81,VISA_13_3_DEFECTIVE,VISA,ICICI,DIGITAL_SAAS,Y_AUTHENTICATED,NOT_APPLICABLE,NONE,False,True,False,True,1,0,24,5,1
dsp_00920,pay_f733ae9defbd,2025-10-21 15:00:00,3013.05,VISA_13_3_DEFECTIVE,VISA,CITI_INTL,FOOD_DELIVERY,A_ATTEMPTED,DELIVERED,BLUEDART,True,True,True,False,0,0,63,4,1
dsp_00921,pay_cda52340b05e,2025-10-21 15:00:00,1553.68,MC_4853_GOODS_SERVICES,MASTERCARD,KOTAK,FOOD_DELIVERY,Y_AUTHENTICATED,IN_TRANSIT,DELHIVERY,False,True,True,False,0,0,85,12,0
dsp_00922,pay_823bfcd1b6fc,2025-10-22 02:00:00,3202.58,MC_4853_GOODS_SERVICES,MASTERCARD,ICICI,ECOMM_RETAIL,N_NOT_ENROLLED,RETURNED,FEDEX_INTL,False,True,True,False,2,1,24,2,0
dsp_00923,pay_048aeed869d2,2025-10-22 18:00:00,653.29,MC_4853_GOODS_SERVICES,MASTERCARD,SBI,TRAVEL_HOTEL,A_ATTEMPTED,DELIVERED,FEDEX_INTL,True,True,True,True,0,1,87,8,0
dsp_00924,pay_cd53ffa00b39,2025-10-22 05:00:00,4900.71,MC_4853_GOODS_SERVICES,MASTERCARD,AMEX_INTL,ELECTRONICS,N_NOT_ENROLLED,DELIVERED,INDIAPOST,True,True,False,True,0,6,40,12,0
dsp_00925,pay_ccf66f4977e5,2025-10-23 05:00:00,1051.42,VISA_13_3_DEFECTIVE,VISA,HDFC,TRAVEL_HOTEL,A_ATTEMPTED,DELIVERED,DTDC,True,True,False,True,0,1,74,13,1
dsp_00926,pay_5eb8d91193e1,2025-10-23 08:00:00,1655.69,MC_4853_GOODS_SERVICES,MASTERCARD,SBI,FOOD_DELIVERY,Y_AUTHENTICATED,UNKNOWN,DTDC,False,True,True,False,0,6,60,3,0
dsp_00927,pay_51d4de64d2a0,2025-10-23 10:00:00,874.83,MC_4853_GOODS_SERVICES,MASTERCARD,KOTAK,FOOD_DELIVERY,N_NOT_ENROLLED,RETURNED,INDIAPOST,False,True,True,True,0,6,63,14,0
dsp_00928,pay_8be481c438d8,2025-10-23 08:00:00,841.58,MC_4837_FRAUD,MASTERCARD,AXIS,ELECTRONICS,A_ATTEMPTED,DELIVERED,FEDEX_INTL,True,True,False,True,0,3,49,12,1
dsp_00929,pay_de5d14aade3f,2025-10-24 19:00:00,2729.38,MC_4837_FRAUD,MASTERCARD,HDFC,FASHION_APPAREL,A_ATTEMPTED,UNKNOWN,DTDC,False,True,True,True,5,1,64,5,0
dsp_00930,pay_bfc9cd8a13b3,2025-10-24 10:00:00,682.95,MC_4853_GOODS_SERVICES,MASTERCARD,ICICI,DIGITAL_SAAS,Y_AUTHENTICATED,NOT_APPLICABLE,NONE,False,True,False,False,3,0,13,6,0
dsp_00931,pay_e36b06a0d349,2025-10-24 13:00:00,15617.31,MC_4837_FRAUD,MASTERCARD,KOTAK,FASHION_APPAREL,N_NOT_ENROLLED,DELIVERED,INDIAPOST,False,True,False,True,3,0,17,9,0
dsp_00932,pay_b7cbac4a1201,2025-10-25 21:00:00,486.59,MC_4837_FRAUD,MASTERCARD,CITI_INTL,DIGITAL_SAAS,Y_AUTHENTICATED,NOT_APPLICABLE,NONE,False,False,True,True,2,1,79,2,0
dsp_00933,pay_adb3af43f746,2025-10-25 18:00:00,6679.21,VISA_13_1_NOT_RECEIVED,VISA,ICICI,FASHION_APPAREL,N_NOT_ENROLLED,IN_TRANSIT,FEDEX_INTL,False,True,True,False,0,2,38,7,1
dsp_00934,pay_15dbca4df77c,2025-10-25 22:00:00,4034.23,VISA_13_3_DEFECTIVE,VISA,HDFC,FOOD_DELIVERY,U_UNAVAILABLE,DELIVERED,INDIAPOST,False,True,True,False,1,6,49,13,1
dsp_00935,pay_296de5e94aff,2025-10-26 10:00:00,3296.61,VISA_13_3_DEFECTIVE,VISA,SBI,FOOD_DELIVERY,A_ATTEMPTED,UNKNOWN,BLUEDART,False,True,True,False,0,6,51,9,1
dsp_00936,pay_581e4dbcaac0,2025-10-26 19:00:00,1971.43,MC_4837_FRAUD,MASTERCARD,HDFC,ECOMM_RETAIL,A_ATTEMPTED,DELIVERED,FEDEX_INTL,True,True,False,False,0,0,25,3,1
dsp_00937,pay_52f733653af6,2025-10-26 06:00:00,396.5,VISA_13_3_DEFECTIVE,VISA,AXIS,ELECTRONICS,A_ATTEMPTED,DELIVERED,DELHIVERY,False,True,True,True,0,2,68,7,1
dsp_00938,pay_7f8211bd241a,2025-10-27 23:00:00,507.1,VISA_13_3_DEFECTIVE,VISA,SBI,FOOD_DELIVERY,Y_AUTHENTICATED,UNKNOWN,INDIAPOST,False,True,False,True,0,3,62,14,1
dsp_00939,pay_ad77cb8e58f3,2025-10-27 21:00:00,893.42,MC_4853_GOODS_SERVICES,MASTERCARD,AXIS,FASHION_APPAREL,N_NOT_ENROLLED,UNKNOWN,INDIAPOST,False,True,True,True,1,6,86,10,0
dsp_00940,pay_b7b4cc21ffca,2025-10-27 08:00:00,773.43,VISA_13_3_DEFECTIVE,VISA,ICICI,FOOD_DELIVERY,A_ATTEMPTED,RETURNED,FEDEX_INTL,False,True,True,True,3,2,78,13,1
dsp_00941,pay_4c7a0253d929,2025-10-27 18:00:00,32097.71,VISA_13_3_DEFECTIVE,VISA,HDFC,DIGITAL_SAAS,N_NOT_ENROLLED,NOT_APPLICABLE,NONE,False,True,True,True,1,1,14,10,0
dsp_00942,pay_401627e7bc60,2025-10-28 11:00:00,2312.86,MC_4837_FRAUD,MASTERCARD,AMEX_INTL,ECOMM_RETAIL,N_NOT_ENROLLED,DELIVERED,DTDC,True,False,True,True,0,1,22,2,0
dsp_00943,pay_cecc879d608d,2025-10-28 06:00:00,4947.08,VISA_13_1_NOT_RECEIVED,VISA,ICICI,FOOD_DELIVERY,A_ATTEMPTED,RETURNED,BLUEDART,False,False,False,True,5,1,8,8,0
dsp_00944,pay_00750583d194,2025-10-28 04:00:00,1312.27,MC_4837_FRAUD,MASTERCARD,HDFC,DIGITAL_SAAS,N_NOT_ENROLLED,NOT_APPLICABLE,NONE,False,True,True,True,0,0,63,8,0
dsp_00945,pay_f433265629d5,2025-10-29 17:00:00,6719.27,MC_4837_FRAUD,MASTERCARD,HDFC,ECOMM_RETAIL,U_UNAVAILABLE,UNKNOWN,BLUEDART,False,True,True,True,3,4,18,4,1
dsp_00946,pay_972f105c15ab,2025-10-29 17:00:00,6731.12,MC_4853_GOODS_SERVICES,MASTERCARD,HDFC,ECOMM_RETAIL,U_UNAVAILABLE,DELIVERED,DTDC,False,True,False,True,5,4,86,13,1
dsp_00947,pay_20a72444ec20,2025-10-29 19:00:00,5757.55,MC_4837_FRAUD,MASTERCARD,CITI_INTL,FASHION_APPAREL,Y_AUTHENTICATED,DELIVERED,FEDEX_INTL,True,False,True,True,0,1,22,7,1
dsp_00948,pay_414f1b0a5432,2025-10-30 22:00:00,4364.28,MC_4837_FRAUD,MASTERCARD,KOTAK,ELECTRONICS,N_NOT_ENROLLED,DELIVERED,DTDC,True,True,True,True,0,0,11,5,1
dsp_00949,pay_2c058862996b,2025-10-30 21:00:00,331.03,VISA_10_4_FRAUD,VISA,SBI,ECOMM_RETAIL,Y_AUTHENTICATED,IN_TRANSIT,FEDEX_INTL,False,False,True,True,1,1,74,10,1
dsp_00950,pay_3e6ef6c54b3f,2025-10-30 18:00:00,12260.48,VISA_13_1_NOT_RECEIVED,VISA,AMEX_INTL,FOOD_DELIVERY,A_ATTEMPTED,DELIVERED,INDIAPOST,False,True,True,True,3,0,44,11,1
dsp_00951,pay_ab2e3a478479,2025-10-30 20:00:00,821.31,MC_4837_FRAUD,MASTERCARD,AXIS,TRAVEL_HOTEL,Y_AUTHENTICATED,DELIVERED,BLUEDART,True,False,False,True,5,0,82,9,0
dsp_00952,pay_3a806b946c47,2025-10-31 10:00:00,3811.92,MC_4853_GOODS_SERVICES,MASTERCARD,HDFC,FASHION_APPAREL,N_NOT_ENROLLED,DELIVERED,DTDC,False,True,True,True,3,1,24,8,1
dsp_00953,pay_745c871effd5,2025-10-31 07:00:00,288.57,VISA_13_1_NOT_RECEIVED,VISA,KOTAK,DIGITAL_SAAS,U_UNAVAILABLE,NOT_APPLICABLE,NONE,False,True,True,True,0,0,7,8,0
dsp_00954,pay_cb58ce7eab57,2025-10-31 06:00:00,2502.33,MC_4837_FRAUD,MASTERCARD,HDFC,DIGITAL_SAAS,Y_AUTHENTICATED,NOT_APPLICABLE,NONE,False,True,True,True,0,0,19,7,0
dsp_00955,pay_39a59ab17ac2,2025-11-01 01:00:00,904.18,VISA_13_1_NOT_RECEIVED,VISA,AMEX_INTL,DIGITAL_SAAS,U_UNAVAILABLE,NOT_APPLICABLE,NONE,False,True,True,True,0,4,68,5,1
dsp_00956,pay_88a2ff59fcad,2025-11-01 02:00:00,18219.65,MC_4837_FRAUD,MASTERCARD,ICICI,DIGITAL_SAAS,U_UNAVAILABLE,NOT_APPLICABLE,NONE,False,False,True,True,0,0,75,5,0
dsp_00957,pay_6854d9286244,2025-11-01 23:00:00,741.92,VISA_13_3_DEFECTIVE,VISA,AMEX_INTL,TRAVEL_HOTEL,N_NOT_ENROLLED,UNKNOWN,FEDEX_INTL,False,True,True,False,2,1,51,14,0
dsp_00958,pay_d8755d539f0e,2025-11-02 23:00:00,1512.98,MC_4853_GOODS_SERVICES,MASTERCARD,AMEX_INTL,FASHION_APPAREL,Y_AUTHENTICATED,DELIVERED,BLUEDART,True,True,True,True,0,0,12,13,0
dsp_00959,pay_70e39390364e,2025-11-02 04:00:00,315.65,MC_4837_FRAUD,MASTERCARD,KOTAK,DIGITAL_SAAS,A_ATTEMPTED,NOT_APPLICABLE,NONE,False,True,False,True,0,3,19,3,0
dsp_00960,pay_13e34984f9ca,2025-11-02 08:00:00,22556.25,MC_4853_GOODS_SERVICES,MASTERCARD,KOTAK,FOOD_DELIVERY,U_UNAVAILABLE,IN_TRANSIT,INDIAPOST,False,True,True,True,1,0,24,3,0
dsp_00961,pay_e0e3bf2dda3e,2025-11-03 11:00:00,3160.49,MC_4837_FRAUD,MASTERCARD,HDFC,ELECTRONICS,A_ATTEMPTED,DELIVERED,BLUEDART,True,True,True,True,1,2,30,7,0
dsp_00962,pay_865fdf46e8bc,2025-11-03 23:00:00,1672.41,VISA_10_4_FRAUD,VISA,AXIS,TRAVEL_HOTEL,Y_AUTHENTICATED,UNKNOWN,INDIAPOST,False,False,True,True,2,0,74,13,0
dsp_00963,pay_6d22427d4859,2025-11-03 11:00:00,3650.77,MC_4837_FRAUD,MASTERCARD,AXIS,ELECTRONICS,Y_AUTHENTICATED,RETURNED,INDIAPOST,False,False,True,False,1,3,73,7,1
dsp_00964,pay_85fe0a6a9d27,2025-11-03 03:00:00,2461.41,VISA_10_4_FRAUD,VISA,SBI,ECOMM_RETAIL,N_NOT_ENROLLED,DELIVERED,BLUEDART,True,True,True,True,0,2,32,6,1
dsp_00965,pay_133fc26a1a09,2025-11-04 16:00:00,3169.14,VISA_10_4_FRAUD,VISA,CITI_INTL,DIGITAL_SAAS,A_ATTEMPTED,NOT_APPLICABLE,NONE,False,True,True,False,0,4,48,13,0
dsp_00966,pay_1dcc09b9c8a2,2025-11-04 16:00:00,23359.65,MC_4853_GOODS_SERVICES,MASTERCARD,CITI_INTL,FOOD_DELIVERY,N_NOT_ENROLLED,RETURNED,DELHIVERY,False,True,True,True,5,1,61,7,0
dsp_00967,pay_611b9e19c803,2025-11-04 01:00:00,607.64,VISA_10_4_FRAUD,VISA,HDFC,TRAVEL_HOTEL,Y_AUTHENTICATED,IN_TRANSIT,DELHIVERY,False,True,False,False,5,3,70,8,1
dsp_00968,pay_e84b46ccffbe,2025-11-05 19:00:00,1549.84,MC_4853_GOODS_SERVICES,MASTERCARD,HDFC,TRAVEL_HOTEL,Y_AUTHENTICATED,DELIVERED,DTDC,False,True,True,True,2,6,14,9,1
dsp_00969,pay_c078bffb69a4,2025-11-05 06:00:00,4839.98,VISA_13_3_DEFECTIVE,VISA,AXIS,DIGITAL_SAAS,A_ATTEMPTED,NOT_APPLICABLE,NONE,False,False,False,True,0,1,8,6,0
dsp_00970,pay_680c5b60c4eb,2025-11-05 06:00:00,1265.8,VISA_13_3_DEFECTIVE,VISA,CITI_INTL,FOOD_DELIVERY,A_ATTEMPTED,DELIVERED,DTDC,True,False,False,True,2,1,10,6,1
dsp_00971,pay_f762dc3c6948,2025-11-06 13:00:00,922.55,VISA_10_4_FRAUD,VISA,KOTAK,ECOMM_RETAIL,Y_AUTHENTICATED,DELIVERED,DTDC,True,True,False,True,0,0,79,11,1
dsp_00972,pay_233c3ac644ea,2025-11-06 10:00:00,2612.13,MC_4837_FRAUD,MASTERCARD,SBI,TRAVEL_HOTEL,Y_AUTHENTICATED,DELIVERED,DELHIVERY,True,True,True,False,5,4,72,11,1
dsp_00973,pay_b433309acfa8,2025-11-06 09:00:00,596.14,VISA_10_4_FRAUD,VISA,KOTAK,ELECTRONICS,U_UNAVAILABLE,IN_TRANSIT,DELHIVERY,False,False,True,True,5,0,80,11,0
dsp_00974,pay_158961d8c921,2025-11-06 02:00:00,293.82,MC_4853_GOODS_SERVICES,MASTERCARD,SBI,FOOD_DELIVERY,Y_AUTHENTICATED,DELIVERED,FEDEX_INTL,True,True,True,True,2,2,43,14,1
dsp_00975,pay_dec758320e65,2025-11-07 07:00:00,1948.94,VISA_13_3_DEFECTIVE,VISA,AMEX_INTL,FOOD_DELIVERY,N_NOT_ENROLLED,DELIVERED,FEDEX_INTL,False,True,True,False,0,6,62,5,1
dsp_00976,pay_b171920a334e,2025-11-07 08:00:00,7016.7,VISA_10_4_FRAUD,VISA,SBI,FASHION_APPAREL,Y_AUTHENTICATED,UNKNOWN,FEDEX_INTL,False,True,False,True,0,4,9,12,0
dsp_00977,pay_620bfe2e1553,2025-11-07 12:00:00,3082.27,VISA_13_3_DEFECTIVE,VISA,ICICI,ECOMM_RETAIL,U_UNAVAILABLE,RETURNED,DELHIVERY,False,True,True,True,0,1,59,4,1
dsp_00978,pay_2768f7dd4287,2025-11-08 18:00:00,1563.59,MC_4837_FRAUD,MASTERCARD,CITI_INTL,FASHION_APPAREL,A_ATTEMPTED,RETURNED,DTDC,False,True,True,True,0,1,59,5,0
dsp_00979,pay_8632c26e06de,2025-11-08 21:00:00,6185.79,VISA_10_4_FRAUD,VISA,KOTAK,DIGITAL_SAAS,N_NOT_ENROLLED,NOT_APPLICABLE,NONE,False,False,False,True,0,6,28,9,0
dsp_00980,pay_2e75487a121c,2025-11-08 20:00:00,1349.39,MC_4837_FRAUD,MASTERCARD,AXIS,TRAVEL_HOTEL,A_ATTEMPTED,RETURNED,DTDC,False,True,True,True,0,4,89,4,0
dsp_00981,pay_f64791368380,2025-11-09 19:00:00,481.13,VISA_10_4_FRAUD,VISA,AMEX_INTL,ELECTRONICS,Y_AUTHENTICATED,IN_TRANSIT,INDIAPOST,False,True,False,False,1,6,78,6,0
dsp_00982,pay_03f4ea458b9c,2025-11-09 09:00:00,31261.47,MC_4853_GOODS_SERVICES,MASTERCARD,HDFC,TRAVEL_HOTEL,Y_AUTHENTICATED,RETURNED,INDIAPOST,False,True,False,True,2,3,39,10,1
dsp_00983,pay_f7cfaef0eed0,2025-11-09 17:00:00,263.08,MC_4837_FRAUD,MASTERCARD,ICICI,FOOD_DELIVERY,U_UNAVAILABLE,DELIVERED,FEDEX_INTL,False,True,True,True,0,1,8,10,1
dsp_00984,pay_ffdf41dc63b8,2025-11-09 09:00:00,2038.27,VISA_13_1_NOT_RECEIVED,VISA,ICICI,FOOD_DELIVERY,U_UNAVAILABLE,DELIVERED,FEDEX_INTL,True,True,True,True,3,1,23,9,1
dsp_00985,pay_a2f1a321ca70,2025-11-10 22:00:00,4229.26,MC_4837_FRAUD,MASTERCARD,ICICI,ELECTRONICS,A_ATTEMPTED,DELIVERED,FEDEX_INTL,True,True,True,True,5,0,21,8,1
dsp_00986,pay_4d99c3f9f057,2025-11-10 05:00:00,990.99,VISA_13_1_NOT_RECEIVED,VISA,KOTAK,ELECTRONICS,U_UNAVAILABLE,DELIVERED,FEDEX_INTL,False,True,True,True,0,2,54,3,1
dsp_00987,pay_52d45eb551b9,2025-11-10 08:00:00,3307.97,VISA_13_1_NOT_RECEIVED,VISA,KOTAK,DIGITAL_SAAS,N_NOT_ENROLLED,NOT_APPLICABLE,NONE,False,True,True,True,1,4,20,4,0
dsp_00988,pay_206e779d74a6,2025-11-11 14:00:00,342.64,MC_4853_GOODS_SERVICES,MASTERCARD,CITI_INTL,ECOMM_RETAIL,A_ATTEMPTED,DELIVERED,BLUEDART,True,True,True,True,3,3,80,10,1
dsp_00989,pay_e7b6343a2543,2025-11-11 03:00:00,1222.48,MC_4837_FRAUD,MASTERCARD,SBI,TRAVEL_HOTEL,A_ATTEMPTED,DELIVERED,INDIAPOST,True,False,True,True,0,4,84,6,0
dsp_00990,pay_7b79eb43cc6f,2025-11-11 09:00:00,6002.4,VISA_13_1_NOT_RECEIVED,VISA,CITI_INTL,FOOD_DELIVERY,Y_AUTHENTICATED,DELIVERED,BLUEDART,True,True,True,True,0,3,20,4,1
dsp_00991,pay_bd8894ee8952,2025-11-12 23:00:00,975.87,MC_4837_FRAUD,MASTERCARD,SBI,TRAVEL_HOTEL,A_ATTEMPTED,RETURNED,FEDEX_INTL,False,False,True,True,0,6,6,8,1
dsp_00992,pay_a8ab7576e507,2025-11-12 02:00:00,4688.51,MC_4837_FRAUD,MASTERCARD,KOTAK,ECOMM_RETAIL,N_NOT_ENROLLED,UNKNOWN,DELHIVERY,False,True,True,True,2,4,78,13,0
dsp_00993,pay_6007865b4f10,2025-11-12 12:00:00,641.67,MC_4853_GOODS_SERVICES,MASTERCARD,HDFC,FASHION_APPAREL,N_NOT_ENROLLED,IN_TRANSIT,BLUEDART,False,True,True,True,0,3,89,7,0
dsp_00994,pay_0bef022ad271,2025-11-13 16:00:00,1844.84,VISA_13_1_NOT_RECEIVED,VISA,AMEX_INTL,FASHION_APPAREL,Y_AUTHENTICATED,DELIVERED,FEDEX_INTL,False,False,False,True,3,1,65,4,1
dsp_00995,pay_c98969ac745c,2025-11-13 09:00:00,1478.69,VISA_13_1_NOT_RECEIVED,VISA,ICICI,FOOD_DELIVERY,U_UNAVAILABLE,DELIVERED,DELHIVERY,True,False,False,True,0,0,66,3,0
dsp_00996,pay_5e009134fff1,2025-11-13 14:00:00,347.16,VISA_13_1_NOT_RECEIVED,VISA,SBI,ELECTRONICS,A_ATTEMPTED,DELIVERED,INDIAPOST,True,True,True,True,5,0,84,4,1
dsp_00997,pay_9bcee0013407,2025-11-13 16:00:00,12206.05,VISA_10_4_FRAUD,VISA,CITI_INTL,DIGITAL_SAAS,Y_AUTHENTICATED,NOT_APPLICABLE,NONE,False,True,True,True,1,1,52,4,1
dsp_00998,pay_f7c2ff8e04fe,2025-11-14 00:00:00,884.85,MC_4837_FRAUD,MASTERCARD,HDFC,ECOMM_RETAIL,N_NOT_ENROLLED,UNKNOWN,INDIAPOST,False,True,True,True,0,0,57,2,0
dsp_00999,pay_7bf8c273d714,2025-11-14 10:00:00,1786.42,MC_4837_FRAUD,MASTERCARD,AMEX_INTL,FASHION_APPAREL,U_UNAVAILABLE,DELIVERED,DELHIVERY,False,True,True,True,1,3,44,4,1
dsp_01000,pay_001221b2621a,2025-11-14 06:00:00,8952.96,VISA_13_3_DEFECTIVE,VISA,KOTAK,ELECTRONICS,N_NOT_ENROLLED,RETURNED,DTDC,False,True,True,True,2,4,86,9,1
dsp_01001,pay_2f725cce4de9,2025-11-15 00:00:00,3527.34,VISA_13_3_DEFECTIVE,VISA,ICICI,FASHION_APPAREL,Y_AUTHENTICATED,DELIVERED,FEDEX_INTL,True,False,True,True,0,0,37,12,1
dsp_01002,pay_f4a6e11d5531,2025-11-15 15:00:00,7167.15,MC_4853_GOODS_SERVICES,MASTERCARD,ICICI,FASHION_APPAREL,Y_AUTHENTICATED,DELIVERED,DELHIVERY,True,True,True,True,0,1,77,9,1
dsp_01003,pay_9389cfbed3b9,2025-11-15 18:00:00,2330.97,VISA_10_4_FRAUD,VISA,ICICI,FOOD_DELIVERY,U_UNAVAILABLE,IN_TRANSIT,DTDC,False,True,True,True,1,4,33,11,0
dsp_01004,pay_f93492e62e43,2025-11-16 12:00:00,1798.68,VISA_13_1_NOT_RECEIVED,VISA,SBI,TRAVEL_HOTEL,U_UNAVAILABLE,DELIVERED,BLUEDART,True,True,True,False,0,2,49,12,1
dsp_01005,pay_3379dd076d58,2025-11-16 17:00:00,3394.69,VISA_13_3_DEFECTIVE,VISA,CITI_INTL,TRAVEL_HOTEL,U_UNAVAILABLE,DELIVERED,FEDEX_INTL,True,True,True,True,0,1,56,2,1
dsp_01006,pay_face954a950e,2025-11-16 12:00:00,858.76,MC_4837_FRAUD,MASTERCARD,KOTAK,DIGITAL_SAAS,N_NOT_ENROLLED,NOT_APPLICABLE,NONE,False,False,True,True,1,6,30,11,0
dsp_01007,pay_5fdb48bfa56b,2025-11-16 04:00:00,2052.12,MC_4837_FRAUD,MASTERCARD,ICICI,DIGITAL_SAAS,Y_AUTHENTICATED,NOT_APPLICABLE,NONE,False,True,False,True,0,6,62,2,0
dsp_01008,pay_a4bfdc1b0165,2025-11-17 03:00:00,371.32,VISA_13_3_DEFECTIVE,VISA,HDFC,TRAVEL_HOTEL,A_ATTEMPTED,DELIVERED,INDIAPOST,True,True,False,True,0,2,73,13,1
dsp_01009,pay_a6aeb1fcb447,2025-11-17 04:00:00,4966.84,MC_4853_GOODS_SERVICES,MASTERCARD,ICICI,ELECTRONICS,A_ATTEMPTED,UNKNOWN,DTDC,False,False,True,True,3,4,53,14,0
dsp_01010,pay_fd80f26d67cb,2025-11-17 10:00:00,1867.42,MC_4853_GOODS_SERVICES,MASTERCARD,ICICI,FOOD_DELIVERY,A_ATTEMPTED,RETURNED,BLUEDART,False,True,False,True,0,4,71,7,0
dsp_01011,pay_95e057f5dd68,2025-11-18 20:00:00,2244.31,MC_4853_GOODS_SERVICES,MASTERCARD,ICICI,FOOD_DELIVERY,U_UNAVAILABLE,UNKNOWN,INDIAPOST,False,True,True,True,0,3,35,7,0
dsp_01012,pay_17117c4a422b,2025-11-18 05:00:00,1256.39,MC_4853_GOODS_SERVICES,MASTERCARD,AXIS,FASHION_APPAREL,N_NOT_ENROLLED,IN_TRANSIT,INDIAPOST,False,False,True,False,0,0,89,7,0
dsp_01013,pay_7494cff63aa4,2025-11-18 02:00:00,2156.84,VISA_10_4_FRAUD,VISA,AXIS,ELECTRONICS,Y_AUTHENTICATED,DELIVERED,BLUEDART,False,True,True,True,0,1,85,3,1
dsp_01014,pay_899b705d874d,2025-11-19 17:00:00,3591.37,MC_4837_FRAUD,MASTERCARD,ICICI,FASHION_APPAREL,U_UNAVAILABLE,DELIVERED,BLUEDART,True,True,True,False,5,1,24,12,1
dsp_01015,pay_ca1bbb3e713c,2025-11-19 14:00:00,483.07,VISA_13_3_DEFECTIVE,VISA,AXIS,ELECTRONICS,N_NOT_ENROLLED,DELIVERED,BLUEDART,True,False,True,False,0,4,62,13,1
dsp_01016,pay_33e4fa8ca5c8,2025-11-19 06:00:00,3290.52,VISA_13_3_DEFECTIVE,VISA,HDFC,FOOD_DELIVERY,A_ATTEMPTED,DELIVERED,FEDEX_INTL,True,True,True,True,3,0,89,5,1
dsp_01017,pay_86864d1ad7dd,2025-11-20 09:00:00,1622.38,MC_4853_GOODS_SERVICES,MASTERCARD,HDFC,DIGITAL_SAAS,N_NOT_ENROLLED,NOT_APPLICABLE,NONE,False,True,False,True,5,2,46,2,1
dsp_01018,pay_18cc6bcb95e8,2025-11-20 09:00:00,6671.45,MC_4853_GOODS_SERVICES,MASTERCARD,ICICI,FOOD_DELIVERY,A_ATTEMPTED,DELIVERED,INDIAPOST,True,True,True,True,1,2,81,11,1
dsp_01019,pay_fea97366dce7,2025-11-20 14:00:00,1792.67,VISA_10_4_FRAUD,VISA,SBI,TRAVEL_HOTEL,Y_AUTHENTICATED,DELIVERED,BLUEDART,False,True,True,True,0,3,87,11,1
dsp_01020,pay_d5f480548061,2025-11-20 13:00:00,939.48,MC_4837_FRAUD,MASTERCARD,HDFC,ECOMM_RETAIL,N_NOT_ENROLLED,DELIVERED,DTDC,True,True,False,True,0,2,15,9,1
dsp_01021,pay_0adc4abb7027,2025-11-21 18:00:00,461.73,VISA_13_3_DEFECTIVE,VISA,CITI_INTL,FOOD_DELIVERY,U_UNAVAILABLE,DELIVERED,INDIAPOST,True,True,False,True,1,1,13,12,1
dsp_01022,pay_3f899e176063,2025-11-21 07:00:00,10458.51,MC_4853_GOODS_SERVICES,MASTERCARD,KOTAK,FOOD_DELIVERY,N_NOT_ENROLLED,RETURNED,DELHIVERY,False,True,True,True,0,2,89,14,1
dsp_01023,pay_1e5bb495c1ce,2025-11-21 12:00:00,3047.21,VISA_13_1_NOT_RECEIVED,VISA,ICICI,FOOD_DELIVERY,Y_AUTHENTICATED,DELIVERED,DELHIVERY,False,False,True,True,1,3,12,3,1
dsp_01024,pay_cf36aae2b3f4,2025-11-22 01:00:00,1135.51,VISA_13_1_NOT_RECEIVED,VISA,SBI,DIGITAL_SAAS,A_ATTEMPTED,NOT_APPLICABLE,NONE,False,True,True,True,1,0,78,3,0
dsp_01025,pay_e4f256f12bc9,2025-11-22 21:00:00,327.43,VISA_13_3_DEFECTIVE,VISA,ICICI,FASHION_APPAREL,U_UNAVAILABLE,IN_TRANSIT,DELHIVERY,False,True,True,True,1,0,71,2,0
dsp_01026,pay_f1e2204c4d6e,2025-11-22 10:00:00,1602.41,MC_4853_GOODS_SERVICES,MASTERCARD,SBI,ECOMM_RETAIL,A_ATTEMPTED,DELIVERED,DTDC,True,True,True,False,1,3,20,5,1
dsp_01027,pay_29150cd81a6d,2025-11-23 23:00:00,1079.99,VISA_13_1_NOT_RECEIVED,VISA,AMEX_INTL,ECOMM_RETAIL,N_NOT_ENROLLED,UNKNOWN,DELHIVERY,False,True,True,True,1,0,20,12,0
dsp_01028,pay_158194577696,2025-11-23 20:00:00,5902.83,MC_4837_FRAUD,MASTERCARD,CITI_INTL,DIGITAL_SAAS,A_ATTEMPTED,NOT_APPLICABLE,NONE,False,True,False,True,0,0,36,14,0
dsp_01029,pay_3e448977d107,2025-11-23 21:00:00,1272.63,VISA_10_4_FRAUD,VISA,AXIS,ECOMM_RETAIL,A_ATTEMPTED,UNKNOWN,DELHIVERY,False,True,False,True,3,3,28,3,0
dsp_01030,pay_75d27925ad37,2025-11-23 20:00:00,1229.21,VISA_10_4_FRAUD,VISA,KOTAK,FOOD_DELIVERY,Y_AUTHENTICATED,RETURNED,DTDC,False,True,True,True,0,1,89,12,0
dsp_01031,pay_975f06b0cc38,2025-11-24 18:00:00,1185.14,MC_4853_GOODS_SERVICES,MASTERCARD,ICICI,FASHION_APPAREL,Y_AUTHENTICATED,UNKNOWN,FEDEX_INTL,False,True,False,True,0,4,50,6,0
dsp_01032,pay_a98556eea727,2025-11-24 09:00:00,2042.61,VISA_13_3_DEFECTIVE,VISA,KOTAK,FOOD_DELIVERY,A_ATTEMPTED,DELIVERED,DELHIVERY,True,True,True,True,0,3,14,5,1
dsp_01033,pay_67f0fecb5c73,2025-11-24 06:00:00,2421.92,VISA_10_4_FRAUD,VISA,KOTAK,ELECTRONICS,N_NOT_ENROLLED,IN_TRANSIT,DTDC,False,False,False,True,2,1,45,10,0
dsp_01034,pay_51c11ca616e9,2025-11-25 21:00:00,33032.81,VISA_13_3_DEFECTIVE,VISA,SBI,DIGITAL_SAAS,Y_AUTHENTICATED,NOT_APPLICABLE,NONE,False,False,True,True,0,3,78,14,0
dsp_01035,pay_01031068a4c0,2025-11-25 11:00:00,221.12,VISA_13_1_NOT_RECEIVED,VISA,CITI_INTL,TRAVEL_HOTEL,A_ATTEMPTED,RETURNED,BLUEDART,False,True,False,True,1,2,47,2,0
dsp_01036,pay_b627ac98e2e2,2025-11-25 05:00:00,11528.11,VISA_10_4_FRAUD,VISA,AXIS,TRAVEL_HOTEL,U_UNAVAILABLE,IN_TRANSIT,DELHIVERY,False,True,False,True,3,6,62,6,0
dsp_01037,pay_103e0afd5e3b,2025-11-26 10:00:00,56090.19,MC_4837_FRAUD,MASTERCARD,HDFC,FASHION_APPAREL,U_UNAVAILABLE,RETURNED,BLUEDART,False,True,True,True,3,2,44,11,0
dsp_01038,pay_766bbc350c9a,2025-11-26 12:00:00,2188.62,MC_4853_GOODS_SERVICES,MASTERCARD,HDFC,ELECTRONICS,Y_AUTHENTICATED,DELIVERED,FEDEX_INTL,False,True,True,True,1,4,39,10,1
dsp_01039,pay_2584787fa4b9,2025-11-26 09:00:00,396.14,MC_4837_FRAUD,MASTERCARD,ICICI,FASHION_APPAREL,N_NOT_ENROLLED,DELIVERED,BLUEDART,True,False,True,True,0,6,16,5,1
dsp_01040,pay_ed6fd98c1f3c,2025-11-27 03:00:00,1089.88,VISA_13_3_DEFECTIVE,VISA,AXIS,FOOD_DELIVERY,N_NOT_ENROLLED,RETURNED,DELHIVERY,False,False,False,True,1,1,57,9,0
dsp_01041,pay_873c29a24e1c,2025-11-27 02:00:00,316.39,MC_4853_GOODS_SERVICES,MASTERCARD,SBI,TRAVEL_HOTEL,Y_AUTHENTICATED,RETURNED,INDIAPOST,False,True,True,True,0,1,45,11,0
dsp_01042,pay_e18f47512012,2025-11-27 23:00:00,2800.84,MC_4837_FRAUD,MASTERCARD,AXIS,FOOD_DELIVERY,U_UNAVAILABLE,IN_TRANSIT,INDIAPOST,False,True,True,True,5,1,75,2,0
dsp_01043,pay_de6b645c0056,2025-11-27 20:00:00,3454.72,VISA_13_3_DEFECTIVE,VISA,HDFC,DIGITAL_SAAS,N_NOT_ENROLLED,NOT_APPLICABLE,NONE,False,True,False,False,1,4,6,8,1
dsp_01044,pay_f021b6204185,2025-11-28 11:00:00,8063.26,MC_4837_FRAUD,MASTERCARD,SBI,FOOD_DELIVERY,A_ATTEMPTED,UNKNOWN,DELHIVERY,False,True,True,True,1,0,51,11,0
dsp_01045,pay_f19ea02c15e8,2025-11-28 03:00:00,2165.86,VISA_13_1_NOT_RECEIVED,VISA,ICICI,ECOMM_RETAIL,U_UNAVAILABLE,IN_TRANSIT,DTDC,False,True,True,False,2,4,50,14,1
dsp_01046,pay_7f0ed91e2f58,2025-11-28 02:00:00,1040.95,VISA_13_3_DEFECTIVE,VISA,ICICI,FASHION_APPAREL,U_UNAVAILABLE,UNKNOWN,BLUEDART,False,False,True,True,0,1,56,12,0
dsp_01047,pay_3b58413c97a4,2025-11-29 00:00:00,794.71,VISA_13_1_NOT_RECEIVED,VISA,SBI,FOOD_DELIVERY,Y_AUTHENTICATED,DELIVERED,BLUEDART,True,True,False,True,1,0,33,13,1
dsp_01048,pay_029defce786c,2025-11-29 22:00:00,1096.1,MC_4837_FRAUD,MASTERCARD,ICICI,TRAVEL_HOTEL,Y_AUTHENTICATED,DELIVERED,DELHIVERY,True,True,True,True,1,4,70,5,1
dsp_01049,pay_e9ef111cab15,2025-11-29 00:00:00,9591.72,MC_4837_FRAUD,MASTERCARD,SBI,FASHION_APPAREL,N_NOT_ENROLLED,DELIVERED,BLUEDART,True,False,False,True,0,2,33,6,0
dsp_01050,pay_a0a5dc861d69,2025-11-30 12:00:00,1829.8,VISA_10_4_FRAUD,VISA,ICICI,FASHION_APPAREL,A_ATTEMPTED,UNKNOWN,DELHIVERY,False,True,True,True,0,4,59,6,0
dsp_01051,pay_9a0e4bdc3acc,2025-11-30 12:00:00,4303.24,VISA_13_3_DEFECTIVE,VISA,AMEX_INTL,FASHION_APPAREL,N_NOT_ENROLLED,IN_TRANSIT,FEDEX_INTL,False,False,False,False,1,6,6,14,1
dsp_01052,pay_006242e67359,2025-11-30 15:00:00,2045.63,VISA_13_3_DEFECTIVE,VISA,ICICI,FOOD_DELIVERY,A_ATTEMPTED,DELIVERED,BLUEDART,True,True,True,False,2,0,59,13,0
dsp_01053,pay_b73a6edf6645,2025-11-30 01:00:00,549.01,VISA_13_1_NOT_RECEIVED,VISA,HDFC,ECOMM_RETAIL,Y_AUTHENTICATED,UNKNOWN,FEDEX_INTL,False,True,True,True,2,4,72,2,1
dsp_01054,pay_5bd8f7199325,2025-12-01 13:00:00,1010.07,MC_4837_FRAUD,MASTERCARD,ICICI,ECOMM_RETAIL,A_ATTEMPTED,RETURNED,DELHIVERY,False,True,True,True,1,4,42,13,0
dsp_01055,pay_22694b24b930,2025-12-01 10:00:00,858.87,MC_4837_FRAUD,MASTERCARD,AMEX_INTL,FOOD_DELIVERY,Y_AUTHENTICATED,DELIVERED,FEDEX_INTL,False,True,False,True,0,4,78,6,0
dsp_01056,pay_5c6e02fdc734,2025-12-01 03:00:00,939.83,VISA_13_1_NOT_RECEIVED,VISA,HDFC,ELECTRONICS,Y_AUTHENTICATED,RETURNED,BLUEDART,False,True,True,True,2,0,5,12,1
dsp_01057,pay_5cb44fb0c30e,2025-12-02 05:00:00,3260.8,VISA_13_3_DEFECTIVE,VISA,SBI,DIGITAL_SAAS,A_ATTEMPTED,NOT_APPLICABLE,NONE,False,True,True,True,3,4,65,12,1
dsp_01058,pay_14a7bf9b4146,2025-12-02 14:00:00,2003.04,MC_4853_GOODS_SERVICES,MASTERCARD,ICICI,DIGITAL_SAAS,Y_AUTHENTICATED,NOT_APPLICABLE,NONE,False,True,True,False,5,4,58,12,1
dsp_01059,pay_80a7c518d848,2025-12-02 23:00:00,590.44,VISA_13_1_NOT_RECEIVED,VISA,AMEX_INTL,TRAVEL_HOTEL,A_ATTEMPTED,DELIVERED,DELHIVERY,False,True,True,False,0,2,86,11,0
dsp_01060,pay_07eaeb880f0d,2025-12-03 12:00:00,6509.25,VISA_13_3_DEFECTIVE,VISA,ICICI,ECOMM_RETAIL,N_NOT_ENROLLED,DELIVERED,INDIAPOST,False,True,True,True,0,0,20,4,1
dsp_01061,pay_0805e95a9990,2025-12-03 16:00:00,970.98,VISA_13_1_NOT_RECEIVED,VISA,HDFC,ECOMM_RETAIL,Y_AUTHENTICATED,RETURNED,INDIAPOST,False,True,True,True,0,4,52,4,0
dsp_01062,pay_4a250c4a57eb,2025-12-03 13:00:00,7929.25,VISA_13_1_NOT_RECEIVED,VISA,SBI,ECOMM_RETAIL,N_NOT_ENROLLED,DELIVERED,FEDEX_INTL,True,True,True,True,0,0,50,8,1
dsp_01063,pay_2b1227a63766,2025-12-04 05:00:00,17419.72,VISA_10_4_FRAUD,VISA,KOTAK,DIGITAL_SAAS,A_ATTEMPTED,NOT_APPLICABLE,NONE,False,True,True,True,1,2,43,8,0
dsp_01064,pay_e985df0ba59f,2025-12-04 22:00:00,6105.88,VISA_13_3_DEFECTIVE,VISA,ICICI,FASHION_APPAREL,A_ATTEMPTED,DELIVERED,BLUEDART,False,False,True,True,1,0,39,2,1
dsp_01065,pay_26340ce18593,2025-12-04 01:00:00,2704.22,MC_4837_FRAUD,MASTERCARD,AMEX_INTL,FASHION_APPAREL,Y_AUTHENTICATED,DELIVERED,DTDC,True,True,False,True,1,1,9,5,1
dsp_01066,pay_32f481637375,2025-12-04 11:00:00,1780.7,VISA_13_3_DEFECTIVE,VISA,KOTAK,ECOMM_RETAIL,A_ATTEMPTED,DELIVERED,DELHIVERY,True,True,False,True,0,3,78,13,1
dsp_01067,pay_c9e055087a0e,2025-12-05 18:00:00,415.73,MC_4837_FRAUD,MASTERCARD,AMEX_INTL,DIGITAL_SAAS,N_NOT_ENROLLED,NOT_APPLICABLE,NONE,False,True,False,True,1,6,15,13,0
dsp_01068,pay_ab28c0982988,2025-12-05 22:00:00,1726.1,VISA_13_3_DEFECTIVE,VISA,AMEX_INTL,ECOMM_RETAIL,A_ATTEMPTED,DELIVERED,FEDEX_INTL,True,True,True,True,2,3,16,12,1
dsp_01069,pay_c99831e8612d,2025-12-05 09:00:00,5332.27,VISA_13_1_NOT_RECEIVED,VISA,KOTAK,TRAVEL_HOTEL,U_UNAVAILABLE,RETURNED,INDIAPOST,False,True,False,True,2,3,42,9,0
dsp_01070,pay_156d0e477210,2025-12-06 12:00:00,750.11,MC_4837_FRAUD,MASTERCARD,CITI_INTL,TRAVEL_HOTEL,U_UNAVAILABLE,UNKNOWN,INDIAPOST,False,True,True,True,1,0,71,11,0
dsp_01071,pay_0de7c7092cfb,2025-12-06 13:00:00,392.73,VISA_13_3_DEFECTIVE,VISA,KOTAK,ELECTRONICS,A_ATTEMPTED,DELIVERED,DTDC,True,True,True,True,3,6,20,7,1
dsp_01072,pay_7c98b8aafca4,2025-12-06 03:00:00,2164.47,VISA_10_4_FRAUD,VISA,AXIS,ELECTRONICS,Y_AUTHENTICATED,DELIVERED,DTDC,False,True,False,True,1,1,51,10,0
dsp_01073,pay_cc07b3042875,2025-12-07 05:00:00,4300.5,VISA_10_4_FRAUD,VISA,ICICI,DIGITAL_SAAS,A_ATTEMPTED,NOT_APPLICABLE,NONE,False,True,False,True,3,1,28,3,0
dsp_01074,pay_b2128d8ccf48,2025-12-07 14:00:00,2915.84,MC_4853_GOODS_SERVICES,MASTERCARD,ICICI,FASHION_APPAREL,N_NOT_ENROLLED,RETURNED,FEDEX_INTL,False,True,True,True,5,0,13,3,0
dsp_01075,pay_8fc4f391b51c,2025-12-07 03:00:00,2014.15,VISA_10_4_FRAUD,VISA,ICICI,ELECTRONICS,U_UNAVAILABLE,IN_TRANSIT,BLUEDART,False,True,True,True,5,0,22,12,0
dsp_01076,pay_d30699a43966,2025-12-07 16:00:00,1452.7,VISA_13_3_DEFECTIVE,VISA,CITI_INTL,ELECTRONICS,N_NOT_ENROLLED,DELIVERED,DTDC,True,False,True,True,0,0,33,13,1
dsp_01077,pay_4ea8d8d661a6,2025-12-08 20:00:00,2022.4,MC_4837_FRAUD,MASTERCARD,KOTAK,ECOMM_RETAIL,U_UNAVAILABLE,DELIVERED,DELHIVERY,False,True,True,True,1,4,21,5,1
dsp_01078,pay_7d23d62c04fe,2025-12-08 02:00:00,3620.15,VISA_13_1_NOT_RECEIVED,VISA,AXIS,FOOD_DELIVERY,N_NOT_ENROLLED,DELIVERED,FEDEX_INTL,True,True,False,True,0,4,89,13,1
dsp_01079,pay_28b2cbc77cbd,2025-12-08 17:00:00,2185.26,MC_4837_FRAUD,MASTERCARD,AMEX_INTL,ELECTRONICS,Y_AUTHENTICATED,DELIVERED,DTDC,False,True,False,True,1,6,70,6,1
dsp_01080,pay_b400f0af1076,2025-12-09 09:00:00,616.79,VISA_13_3_DEFECTIVE,VISA,ICICI,DIGITAL_SAAS,U_UNAVAILABLE,NOT_APPLICABLE,NONE,False,False,True,True,3,1,36,8,0
dsp_01081,pay_c04aa238d65c,2025-12-09 19:00:00,1033.47,VISA_13_3_DEFECTIVE,VISA,AMEX_INTL,DIGITAL_SAAS,N_NOT_ENROLLED,NOT_APPLICABLE,NONE,False,True,True,True,0,1,37,9,0
dsp_01082,pay_b66ac48a75d0,2025-12-09 03:00:00,982.64,VISA_13_1_NOT_RECEIVED,VISA,AXIS,TRAVEL_HOTEL,Y_AUTHENTICATED,UNKNOWN,BLUEDART,False,True,True,True,1,4,11,8,0
dsp_01083,pay_c888fb8732f3,2025-12-10 23:00:00,806.66,VISA_13_3_DEFECTIVE,VISA,AXIS,TRAVEL_HOTEL,U_UNAVAILABLE,RETURNED,DTDC,False,True,True,True,2,4,19,3,0
dsp_01084,pay_c3c316b4721f,2025-12-10 11:00:00,6691.61,VISA_13_3_DEFECTIVE,VISA,AXIS,ELECTRONICS,N_NOT_ENROLLED,DELIVERED,FEDEX_INTL,True,True,True,False,1,3,21,2,1
dsp_01085,pay_363740f7d063,2025-12-10 19:00:00,4789.19,VISA_13_1_NOT_RECEIVED,VISA,HDFC,FASHION_APPAREL,A_ATTEMPTED,DELIVERED,FEDEX_INTL,True,True,False,True,0,4,69,12,0
dsp_01086,pay_cfbde1db7d48,2025-12-11 07:00:00,2457.07,VISA_13_3_DEFECTIVE,VISA,KOTAK,FOOD_DELIVERY,U_UNAVAILABLE,DELIVERED,FEDEX_INTL,True,True,True,True,0,1,47,11,1
dsp_01087,pay_337637a061e6,2025-12-11 15:00:00,2967.36,VISA_10_4_FRAUD,VISA,KOTAK,ELECTRONICS,N_NOT_ENROLLED,IN_TRANSIT,BLUEDART,False,True,True,True,5,2,66,14,0
dsp_01088,pay_d9e37ab0752c,2025-12-11 05:00:00,797.47,VISA_13_3_DEFECTIVE,VISA,HDFC,TRAVEL_HOTEL,N_NOT_ENROLLED,RETURNED,DTDC,False,False,True,True,0,0,84,14,1
dsp_01089,pay_bc0b1fa073fc,2025-12-11 20:00:00,5041.52,MC_4837_FRAUD,MASTERCARD,ICICI,FASHION_APPAREL,U_UNAVAILABLE,UNKNOWN,FEDEX_INTL,False,True,True,True,0,3,10,13,0
dsp_01090,pay_60b2c574507a,2025-12-12 06:00:00,2460.78,VISA_10_4_FRAUD,VISA,HDFC,TRAVEL_HOTEL,Y_AUTHENTICATED,UNKNOWN,DTDC,False,True,True,True,3,4,18,4,1
dsp_01091,pay_5019aafc47b7,2025-12-12 10:00:00,3134.17,MC_4837_FRAUD,MASTERCARD,AXIS,FOOD_DELIVERY,N_NOT_ENROLLED,UNKNOWN,DELHIVERY,False,True,True,True,3,6,52,13,0
dsp_01092,pay_ccced7d5d229,2025-12-12 10:00:00,150.0,VISA_10_4_FRAUD,VISA,KOTAK,FOOD_DELIVERY,N_NOT_ENROLLED,DELIVERED,BLUEDART,True,False,True,True,0,0,66,2,1
dsp_01093,pay_82cb62776afc,2025-12-13 02:00:00,2517.9,MC_4853_GOODS_SERVICES,MASTERCARD,KOTAK,TRAVEL_HOTEL,A_ATTEMPTED,DELIVERED,INDIAPOST,True,True,True,False,0,6,61,14,1
dsp_01094,pay_f0b151f4f9d8,2025-12-13 03:00:00,784.48,VISA_13_3_DEFECTIVE,VISA,KOTAK,FOOD_DELIVERY,N_NOT_ENROLLED,DELIVERED,FEDEX_INTL,True,True,False,True,0,0,58,13,1
dsp_01095,pay_81829e409493,2025-12-13 12:00:00,3714.9,VISA_13_3_DEFECTIVE,VISA,SBI,DIGITAL_SAAS,N_NOT_ENROLLED,NOT_APPLICABLE,NONE,False,False,True,True,2,1,33,6,0
dsp_01096,pay_ea2bb24a8166,2025-12-14 07:00:00,1318.81,VISA_13_1_NOT_RECEIVED,VISA,KOTAK,ECOMM_RETAIL,U_UNAVAILABLE,DELIVERED,INDIAPOST,True,True,True,True,0,1,76,7,1
dsp_01097,pay_9472ede345e4,2025-12-14 19:00:00,3623.54,VISA_13_3_DEFECTIVE,VISA,CITI_INTL,ELECTRONICS,Y_AUTHENTICATED,DELIVERED,BLUEDART,False,False,True,True,0,6,23,9,1
dsp_01098,pay_05feb4d83f13,2025-12-14 19:00:00,9118.4,VISA_13_1_NOT_RECEIVED,VISA,ICICI,DIGITAL_SAAS,Y_AUTHENTICATED,NOT_APPLICABLE,NONE,False,True,True,False,0,1,75,3,1
dsp_01099,pay_eadd686e6231,2025-12-14 20:00:00,903.97,MC_4837_FRAUD,MASTERCARD,AXIS,ELECTRONICS,Y_AUTHENTICATED,DELIVERED,BLUEDART,True,True,True,True,2,0,70,13,1
dsp_01100,pay_bcb41c9af930,2025-12-15 00:00:00,4372.79,VISA_13_3_DEFECTIVE,VISA,SBI,ECOMM_RETAIL,Y_AUTHENTICATED,DELIVERED,FEDEX_INTL,True,False,True,True,0,4,50,10,1
dsp_01101,pay_1891f9b40fbe,2025-12-15 07:00:00,1158.89,VISA_13_3_DEFECTIVE,VISA,CITI_INTL,FASHION_APPAREL,A_ATTEMPTED,IN_TRANSIT,BLUEDART,False,False,True,False,0,4,85,7,0
dsp_01102,pay_462c5c1fbbb0,2025-12-15 14:00:00,799.34,MC_4853_GOODS_SERVICES,MASTERCARD,KOTAK,FASHION_APPAREL,A_ATTEMPTED,IN_TRANSIT,BLUEDART,False,True,False,True,2,1,55,12,0
dsp_01103,pay_a52d3237f318,2025-12-16 12:00:00,466.7,VISA_13_1_NOT_RECEIVED,VISA,ICICI,ELECTRONICS,U_UNAVAILABLE,DELIVERED,INDIAPOST,True,True,True,False,0,3,74,2,1
dsp_01104,pay_0eded7cfca98,2025-12-16 16:00:00,228.79,VISA_13_1_NOT_RECEIVED,VISA,AMEX_INTL,FASHION_APPAREL,A_ATTEMPTED,DELIVERED,DELHIVERY,False,False,False,False,0,2,56,2,0
dsp_01105,pay_2edf74416834,2025-12-16 07:00:00,1564.57,MC_4853_GOODS_SERVICES,MASTERCARD,HDFC,DIGITAL_SAAS,N_NOT_ENROLLED,NOT_APPLICABLE,NONE,False,True,True,True,0,0,76,9,0
dsp_01106,pay_707fd49b9ca0,2025-12-17 09:00:00,9805.88,VISA_13_3_DEFECTIVE,VISA,AMEX_INTL,FOOD_DELIVERY,A_ATTEMPTED,DELIVERED,DELHIVERY,False,False,True,True,0,3,60,2,1
dsp_01107,pay_6c8ea4237329,2025-12-17 05:00:00,182.24,VISA_10_4_FRAUD,VISA,HDFC,DIGITAL_SAAS,N_NOT_ENROLLED,NOT_APPLICABLE,NONE,False,True,False,True,2,6,38,7,0
dsp_01108,pay_5e6c2475ad4c,2025-12-17 10:00:00,6874.68,VISA_13_3_DEFECTIVE,VISA,SBI,ECOMM_RETAIL,Y_AUTHENTICATED,RETURNED,FEDEX_INTL,False,False,True,True,0,3,45,13,0
dsp_01109,pay_ad5e9ee5548b,2025-12-18 03:00:00,703.09,VISA_10_4_FRAUD,VISA,AXIS,TRAVEL_HOTEL,Y_AUTHENTICATED,DELIVERED,FEDEX_INTL,True,True,False,False,0,0,46,6,1
dsp_01110,pay_c05a4045a99d,2025-12-18 17:00:00,1828.79,MC_4837_FRAUD,MASTERCARD,SBI,DIGITAL_SAAS,Y_AUTHENTICATED,NOT_APPLICABLE,NONE,False,True,True,True,1,0,75,8,0
dsp_01111,pay_81228d69f2f4,2025-12-18 21:00:00,2928.42,MC_4837_FRAUD,MASTERCARD,AXIS,FASHION_APPAREL,Y_AUTHENTICATED,DELIVERED,FEDEX_INTL,False,True,True,True,5,4,13,10,1
dsp_01112,pay_7dd812ddf58d,2025-12-18 13:00:00,199.52,MC_4853_GOODS_SERVICES,MASTERCARD,AXIS,ELECTRONICS,Y_AUTHENTICATED,IN_TRANSIT,FEDEX_INTL,False,True,True,True,0,1,74,10,1
dsp_01113,pay_38b07639febc,2025-12-19 16:00:00,915.31,MC_4837_FRAUD,MASTERCARD,KOTAK,ECOMM_RETAIL,A_ATTEMPTED,UNKNOWN,DELHIVERY,False,True,True,True,0,0,34,11,0
dsp_01114,pay_e95c1e5a2261,2025-12-19 18:00:00,7319.11,VISA_13_3_DEFECTIVE,VISA,SBI,DIGITAL_SAAS,A_ATTEMPTED,NOT_APPLICABLE,NONE,False,False,True,False,0,0,20,10,0
dsp_01115,pay_56704cfc14d5,2025-12-19 02:00:00,726.24,MC_4837_FRAUD,MASTERCARD,AXIS,ELECTRONICS,Y_AUTHENTICATED,DELIVERED,DTDC,False,True,False,True,0,0,49,8,1
dsp_01116,pay_429f61d5fa3b,2025-12-20 03:00:00,11721.31,MC_4853_GOODS_SERVICES,MASTERCARD,AMEX_INTL,FASHION_APPAREL,A_ATTEMPTED,DELIVERED,FEDEX_INTL,True,True,True,True,0,1,19,10,1
dsp_01117,pay_d41528db6c57,2025-12-20 19:00:00,642.03,VISA_13_1_NOT_RECEIVED,VISA,CITI_INTL,ELECTRONICS,Y_AUTHENTICATED,DELIVERED,DTDC,True,False,False,False,0,1,29,2,1
dsp_01118,pay_07579b2417ee,2025-12-20 09:00:00,1609.31,MC_4853_GOODS_SERVICES,MASTERCARD,SBI,DIGITAL_SAAS,A_ATTEMPTED,NOT_APPLICABLE,NONE,False,True,False,True,0,2,81,11,0
dsp_01119,pay_5efb184c0cc4,2025-12-21 15:00:00,3759.42,VISA_13_1_NOT_RECEIVED,VISA,ICICI,ELECTRONICS,U_UNAVAILABLE,UNKNOWN,DTDC,False,True,True,True,1,3,79,9,0
dsp_01120,pay_923dbaf5862f,2025-12-21 16:00:00,7336.12,MC_4853_GOODS_SERVICES,MASTERCARD,KOTAK,FOOD_DELIVERY,N_NOT_ENROLLED,DELIVERED,DELHIVERY,False,True,True,True,2,3,59,7,0
dsp_01121,pay_d5cc1c4674f8,2025-12-21 09:00:00,381.1,MC_4837_FRAUD,MASTERCARD,SBI,ECOMM_RETAIL,N_NOT_ENROLLED,DELIVERED,BLUEDART,False,True,True,True,0,3,17,13,1
dsp_01122,pay_803d50eac316,2025-12-21 23:00:00,1628.37,VISA_13_3_DEFECTIVE,VISA,HDFC,FASHION_APPAREL,A_ATTEMPTED,DELIVERED,BLUEDART,False,True,True,False,0,3,7,4,1
dsp_01123,pay_d5866b8e598b,2025-12-22 20:00:00,484.83,VISA_13_1_NOT_RECEIVED,VISA,KOTAK,ELECTRONICS,Y_AUTHENTICATED,IN_TRANSIT,FEDEX_INTL,False,True,True,True,1,6,64,12,1
dsp_01124,pay_cc29c512129c,2025-12-22 07:00:00,5047.09,MC_4853_GOODS_SERVICES,MASTERCARD,AMEX_INTL,FASHION_APPAREL,N_NOT_ENROLLED,RETURNED,FEDEX_INTL,False,True,True,False,0,1,3,2,0
dsp_01125,pay_f4bc4c55f5bc,2025-12-22 15:00:00,1182.54,MC_4837_FRAUD,MASTERCARD,ICICI,FOOD_DELIVERY,U_UNAVAILABLE,IN_TRANSIT,FEDEX_INTL,False,False,True,True,5,1,26,10,0
dsp_01126,pay_2036f4fdee73,2025-12-23 04:00:00,1172.81,MC_4853_GOODS_SERVICES,MASTERCARD,AXIS,DIGITAL_SAAS,N_NOT_ENROLLED,NOT_APPLICABLE,NONE,False,True,False,True,3,6,80,3,1
dsp_01127,pay_8b5af20332fd,2025-12-23 21:00:00,1410.48,VISA_10_4_FRAUD,VISA,AXIS,ELECTRONICS,U_UNAVAILABLE,IN_TRANSIT,INDIAPOST,False,True,False,True,1,1,3,4,0
dsp_01128,pay_1b33e2410229,2025-12-23 07:00:00,4255.59,VISA_10_4_FRAUD,VISA,ICICI,FOOD_DELIVERY,Y_AUTHENTICATED,DELIVERED,DTDC,False,True,True,True,0,6,25,7,1
dsp_01129,pay_8dc2984fd36d,2025-12-24 21:00:00,3574.46,VISA_13_3_DEFECTIVE,VISA,SBI,ELECTRONICS,Y_AUTHENTICATED,DELIVERED,INDIAPOST,True,False,False,True,0,0,77,2,1
dsp_01130,pay_7197f82f17ac,2025-12-24 02:00:00,1098.07,MC_4853_GOODS_SERVICES,MASTERCARD,CITI_INTL,FASHION_APPAREL,U_UNAVAILABLE,DELIVERED,DTDC,True,True,False,True,3,6,66,11,1
dsp_01131,pay_65618192764a,2025-12-24 08:00:00,668.96,VISA_13_1_NOT_RECEIVED,VISA,AXIS,DIGITAL_SAAS,A_ATTEMPTED,NOT_APPLICABLE,NONE,False,True,True,True,0,0,38,5,0
dsp_01132,pay_c32f5d5b0ab2,2025-12-25 23:00:00,894.53,VISA_10_4_FRAUD,VISA,KOTAK,FASHION_APPAREL,N_NOT_ENROLLED,IN_TRANSIT,DELHIVERY,False,True,True,False,2,3,84,6,0
dsp_01133,pay_84d66ad03562,2025-12-25 04:00:00,17064.7,MC_4837_FRAUD,MASTERCARD,ICICI,ELECTRONICS,A_ATTEMPTED,DELIVERED,DTDC,True,True,True,True,0,2,86,5,1
dsp_01134,pay_bd8ffa2f9022,2025-12-25 20:00:00,9701.1,VISA_13_3_DEFECTIVE,VISA,CITI_INTL,TRAVEL_HOTEL,Y_AUTHENTICATED,DELIVERED,DELHIVERY,False,True,True,True,0,2,21,13,1
dsp_01135,pay_bb8cc3ecfb8b,2025-12-25 02:00:00,4798.45,MC_4837_FRAUD,MASTERCARD,HDFC,DIGITAL_SAAS,N_NOT_ENROLLED,NOT_APPLICABLE,NONE,False,True,True,True,0,1,83,4,0
dsp_01136,pay_0f29ee8be5e6,2025-12-26 19:00:00,457.82,MC_4853_GOODS_SERVICES,MASTERCARD,SBI,ECOMM_RETAIL,U_UNAVAILABLE,UNKNOWN,BLUEDART,False,True,True,False,1,1,71,12,0
dsp_01137,pay_021324feb9a6,2025-12-26 03:00:00,4123.32,VISA_13_1_NOT_RECEIVED,VISA,ICICI,DIGITAL_SAAS,Y_AUTHENTICATED,NOT_APPLICABLE,NONE,False,False,False,True,0,4,81,7,0
dsp_01138,pay_057b14df8658,2025-12-26 08:00:00,389.08,MC_4853_GOODS_SERVICES,MASTERCARD,SBI,ELECTRONICS,A_ATTEMPTED,RETURNED,DELHIVERY,False,False,True,True,0,1,75,2,0
dsp_01139,pay_c703fb87eaea,2025-12-27 22:00:00,1924.67,VISA_10_4_FRAUD,VISA,SBI,ECOMM_RETAIL,Y_AUTHENTICATED,DELIVERED,INDIAPOST,True,True,True,True,1,4,44,9,1
dsp_01140,pay_9ef5a6e21aeb,2025-12-27 03:00:00,4241.21,VISA_10_4_FRAUD,VISA,AXIS,DIGITAL_SAAS,N_NOT_ENROLLED,NOT_APPLICABLE,NONE,False,True,True,True,0,0,21,13,0
dsp_01141,pay_be7065d75475,2025-12-27 16:00:00,12050.92,MC_4837_FRAUD,MASTERCARD,KOTAK,ECOMM_RETAIL,U_UNAVAILABLE,DELIVERED,BLUEDART,True,True,True,True,0,2,17,11,1
dsp_01142,pay_d4a12b73e231,2025-12-28 22:00:00,2314.73,MC_4853_GOODS_SERVICES,MASTERCARD,SBI,FASHION_APPAREL,U_UNAVAILABLE,DELIVERED,BLUEDART,True,True,False,False,5,0,70,4,1
dsp_01143,pay_7b045805db30,2025-12-28 15:00:00,2072.75,VISA_13_3_DEFECTIVE,VISA,AXIS,DIGITAL_SAAS,A_ATTEMPTED,NOT_APPLICABLE,NONE,False,True,False,True,0,2,59,5,0
dsp_01144,pay_650f5b5fbbab,2025-12-28 13:00:00,2055.65,VISA_13_1_NOT_RECEIVED,VISA,CITI_INTL,DIGITAL_SAAS,A_ATTEMPTED,NOT_APPLICABLE,NONE,False,False,True,True,2,1,68,6,0
dsp_01145,pay_a8ca79164721,2025-12-28 07:00:00,723.91,VISA_13_1_NOT_RECEIVED,VISA,HDFC,DIGITAL_SAAS,U_UNAVAILABLE,NOT_APPLICABLE,NONE,False,True,False,True,1,0,50,9,0
dsp_01146,pay_bb7f0f31d24e,2025-12-29 05:00:00,20061.44,VISA_10_4_FRAUD,VISA,KOTAK,FOOD_DELIVERY,N_NOT_ENROLLED,DELIVERED,DTDC,True,True,False,True,0,2,42,2,1
dsp_01147,pay_6a77fd4f8b5f,2025-12-29 21:00:00,296.76,MC_4853_GOODS_SERVICES,MASTERCARD,CITI_INTL,FOOD_DELIVERY,A_ATTEMPTED,DELIVERED,DELHIVERY,True,False,False,True,0,6,12,5,1
dsp_01148,pay_8738a84de5ca,2025-12-29 07:00:00,5004.44,VISA_13_1_NOT_RECEIVED,VISA,AMEX_INTL,FOOD_DELIVERY,U_UNAVAILABLE,UNKNOWN,DELHIVERY,False,True,False,True,1,4,65,5,0
dsp_01149,pay_b501ee229565,2025-12-30 11:00:00,958.62,VISA_13_1_NOT_RECEIVED,VISA,AMEX_INTL,TRAVEL_HOTEL,A_ATTEMPTED,DELIVERED,DELHIVERY,True,False,True,True,0,0,35,2,1
dsp_01150,pay_58802cd2fed2,2025-12-30 23:00:00,4442.41,VISA_10_4_FRAUD,VISA,AMEX_INTL,FOOD_DELIVERY,U_UNAVAILABLE,DELIVERED,BLUEDART,True,True,True,False,0,3,48,11,0
dsp_01151,pay_642eb2984387,2025-12-30 22:00:00,2052.15,MC_4837_FRAUD,MASTERCARD,CITI_INTL,ECOMM_RETAIL,N_NOT_ENROLLED,IN_TRANSIT,INDIAPOST,False,True,False,False,1,4,89,8,0
dsp_01152,pay_2b01ff0ecf9a,2025-12-31 07:00:00,6518.72,VISA_10_4_FRAUD,VISA,HDFC,FOOD_DELIVERY,A_ATTEMPTED,DELIVERED,BLUEDART,True,True,True,True,1,6,37,14,1
dsp_01153,pay_02d2c3bc5960,2025-12-31 05:00:00,411.08,MC_4837_FRAUD,MASTERCARD,AMEX_INTL,FOOD_DELIVERY,Y_AUTHENTICATED,DELIVERED,FEDEX_INTL,False,True,False,True,0,1,56,9,0
dsp_01154,pay_7f5270d6da84,2025-12-31 13:00:00,22614.13,MC_4853_GOODS_SERVICES,MASTERCARD,CITI_INTL,FASHION_APPAREL,A_ATTEMPTED,DELIVERED,FEDEX_INTL,True,True,False,True,0,6,11,13,0
dsp_01155,pay_b9ab0d596d13,2026-01-01 04:00:00,190.33,VISA_13_1_NOT_RECEIVED,VISA,AXIS,ECOMM_RETAIL,Y_AUTHENTICATED,DELIVERED,BLUEDART,True,True,True,True,2,0,82,12,1
dsp_01156,pay_5b0fc0f3aa24,2026-01-01 14:00:00,820.72,VISA_13_3_DEFECTIVE,VISA,ICICI,ECOMM_RETAIL,Y_AUTHENTICATED,DELIVERED,BLUEDART,True,True,False,True,0,1,55,14,0
dsp_01157,pay_bbd509c8a4c6,2026-01-01 23:00:00,1005.24,MC_4853_GOODS_SERVICES,MASTERCARD,AMEX_INTL,TRAVEL_HOTEL,N_NOT_ENROLLED,DELIVERED,DTDC,False,True,False,True,1,2,31,13,1
dsp_01158,pay_ed2b8e2331d2,2026-01-01 22:00:00,456.27,MC_4837_FRAUD,MASTERCARD,AXIS,FASHION_APPAREL,A_ATTEMPTED,DELIVERED,INDIAPOST,True,True,True,True,0,0,65,6,1
dsp_01159,pay_c05bc8139692,2026-01-02 17:00:00,2026.98,VISA_13_1_NOT_RECEIVED,VISA,HDFC,ELECTRONICS,U_UNAVAILABLE,DELIVERED,INDIAPOST,True,True,True,True,1,0,31,6,1
dsp_01160,pay_fbd15b7d5438,2026-01-02 03:00:00,6484.98,VISA_13_1_NOT_RECEIVED,VISA,SBI,FASHION_APPAREL,Y_AUTHENTICATED,IN_TRANSIT,INDIAPOST,False,True,False,False,0,0,43,9,0
dsp_01161,pay_0a273c465f1c,2026-01-02 20:00:00,669.48,MC_4837_FRAUD,MASTERCARD,AXIS,DIGITAL_SAAS,Y_AUTHENTICATED,NOT_APPLICABLE,NONE,False,True,True,True,1,6,21,5,1
dsp_01162,pay_5654981e1727,2026-01-03 14:00:00,549.14,MC_4837_FRAUD,MASTERCARD,CITI_INTL,ECOMM_RETAIL,U_UNAVAILABLE,DELIVERED,FEDEX_INTL,True,True,True,True,0,6,56,12,1
dsp_01163,pay_fa19058e0a1e,2026-01-03 09:00:00,5756.65,MC_4853_GOODS_SERVICES,MASTERCARD,KOTAK,FASHION_APPAREL,A_ATTEMPTED,DELIVERED,BLUEDART,True,True,True,True,5,2,81,10,1
dsp_01164,pay_dad26150b7d8,2026-01-03 17:00:00,8039.17,MC_4837_FRAUD,MASTERCARD,ICICI,TRAVEL_HOTEL,N_NOT_ENROLLED,UNKNOWN,DTDC,False,True,False,False,2,0,28,8,0
dsp_01165,pay_386335c7f576,2026-01-04 18:00:00,2950.79,VISA_10_4_FRAUD,VISA,KOTAK,DIGITAL_SAAS,Y_AUTHENTICATED,NOT_APPLICABLE,NONE,False,True,True,True,1,1,35,10,0
dsp_01166,pay_473dada5f939,2026-01-04 14:00:00,26669.85,MC_4853_GOODS_SERVICES,MASTERCARD,AMEX_INTL,FOOD_DELIVERY,A_ATTEMPTED,DELIVERED,DTDC,True,False,True,True,0,1,76,9,0
dsp_01167,pay_8c8ccf09b54d,2026-01-04 06:00:00,3615.89,MC_4853_GOODS_SERVICES,MASTERCARD,AXIS,ECOMM_RETAIL,A_ATTEMPTED,UNKNOWN,INDIAPOST,False,True,True,True,2,0,28,3,0
dsp_01168,pay_b08382ab9cf4,2026-01-04 15:00:00,1464.38,VISA_13_1_NOT_RECEIVED,VISA,ICICI,FASHION_APPAREL,N_NOT_ENROLLED,DELIVERED,DELHIVERY,True,True,True,True,0,1,70,11,1
dsp_01169,pay_cd617d2f829c,2026-01-05 09:00:00,3652.06,VISA_10_4_FRAUD,VISA,AXIS,ELECTRONICS,Y_AUTHENTICATED,IN_TRANSIT,BLUEDART,False,True,False,True,5,6,34,11,1
dsp_01170,pay_0fb85091dcc7,2026-01-05 16:00:00,3477.59,MC_4853_GOODS_SERVICES,MASTERCARD,ICICI,ECOMM_RETAIL,U_UNAVAILABLE,DELIVERED,FEDEX_INTL,False,True,False,True,0,0,61,12,1
dsp_01171,pay_6c11908b9fc0,2026-01-05 01:00:00,13633.25,VISA_10_4_FRAUD,VISA,AMEX_INTL,ECOMM_RETAIL,U_UNAVAILABLE,DELIVERED,FEDEX_INTL,False,False,False,True,3,3,12,6,0
dsp_01172,pay_fb5bde6d1ca6,2026-01-06 12:00:00,3131.43,VISA_10_4_FRAUD,VISA,KOTAK,FASHION_APPAREL,N_NOT_ENROLLED,DELIVERED,DELHIVERY,False,True,False,True,0,0,45,12,0
dsp_01173,pay_d5eb124f4562,2026-01-06 12:00:00,974.2,VISA_10_4_FRAUD,VISA,HDFC,FOOD_DELIVERY,U_UNAVAILABLE,DELIVERED,BLUEDART,False,True,False,True,1,0,75,7,1
dsp_01174,pay_d4d69240817a,2026-01-06 10:00:00,2712.66,VISA_13_1_NOT_RECEIVED,VISA,SBI,DIGITAL_SAAS,A_ATTEMPTED,NOT_APPLICABLE,NONE,False,False,False,True,0,2,27,3,0
dsp_01175,pay_0f926a51a16b,2026-01-07 02:00:00,5400.49,VISA_13_1_NOT_RECEIVED,VISA,CITI_INTL,ELECTRONICS,A_ATTEMPTED,DELIVERED,DTDC,True,True,False,True,0,2,33,13,1
dsp_01176,pay_41517b6a5a18,2026-01-07 16:00:00,1558.72,MC_4837_FRAUD,MASTERCARD,AXIS,ELECTRONICS,Y_AUTHENTICATED,DELIVERED,DTDC,True,True,True,True,0,2,32,10,1
dsp_01177,pay_20172ea81aeb,2026-01-07 22:00:00,2755.55,VISA_10_4_FRAUD,VISA,AMEX_INTL,DIGITAL_SAAS,N_NOT_ENROLLED,NOT_APPLICABLE,NONE,False,True,True,False,0,1,37,10,0
dsp_01178,pay_3c890489d9a3,2026-01-08 00:00:00,1917.67,MC_4837_FRAUD,MASTERCARD,HDFC,ELECTRONICS,N_NOT_ENROLLED,IN_TRANSIT,BLUEDART,False,False,False,False,0,2,40,7,0
dsp_01179,pay_37255d9ff6eb,2026-01-08 22:00:00,3065.5,VISA_13_1_NOT_RECEIVED,VISA,ICICI,TRAVEL_HOTEL,A_ATTEMPTED,IN_TRANSIT,INDIAPOST,False,True,True,True,3,6,52,8,1
dsp_01180,pay_f9303d5e8d73,2026-01-08 18:00:00,11835.57,MC_4853_GOODS_SERVICES,MASTERCARD,AMEX_INTL,TRAVEL_HOTEL,U_UNAVAILABLE,DELIVERED,BLUEDART,False,True,True,True,0,4,73,12,1
dsp_01181,pay_ef4655cef024,2026-01-08 05:00:00,3111.61,MC_4853_GOODS_SERVICES,MASTERCARD,AMEX_INTL,FOOD_DELIVERY,N_NOT_ENROLLED,UNKNOWN,FEDEX_INTL,False,True,True,True,5,0,34,7,0
dsp_01182,pay_7f1002218da9,2026-01-09 18:00:00,1837.83,VISA_13_1_NOT_RECEIVED,VISA,AXIS,FASHION_APPAREL,U_UNAVAILABLE,IN_TRANSIT,FEDEX_INTL,False,True,True,True,0,0,72,5,1
dsp_01183,pay_1ef2f64d643c,2026-01-09 06:00:00,1168.08,VISA_13_3_DEFECTIVE,VISA,AMEX_INTL,TRAVEL_HOTEL,Y_AUTHENTICATED,DELIVERED,INDIAPOST,False,False,True,True,5,0,14,5,0
dsp_01184,pay_955a867169e4,2026-01-09 19:00:00,519.15,VISA_10_4_FRAUD,VISA,AMEX_INTL,TRAVEL_HOTEL,U_UNAVAILABLE,IN_TRANSIT,BLUEDART,False,True,True,True,0,2,34,12,0
dsp_01185,pay_22f18e6fce71,2026-01-10 18:00:00,179.52,VISA_13_3_DEFECTIVE,VISA,SBI,DIGITAL_SAAS,A_ATTEMPTED,NOT_APPLICABLE,NONE,False,True,True,False,1,6,23,5,1
dsp_01186,pay_98b9c74a20e9,2026-01-10 00:00:00,769.41,VISA_13_1_NOT_RECEIVED,VISA,KOTAK,ELECTRONICS,U_UNAVAILABLE,DELIVERED,INDIAPOST,False,False,False,True,1,1,35,13,1
dsp_01187,pay_571e31b574d6,2026-01-10 18:00:00,1685.24,MC_4837_FRAUD,MASTERCARD,SBI,FASHION_APPAREL,U_UNAVAILABLE,DELIVERED,BLUEDART,False,True,False,True,1,0,33,7,0
dsp_01188,pay_6e4a9539ee13,2026-01-11 16:00:00,8929.54,MC_4837_FRAUD,MASTERCARD,AMEX_INTL,TRAVEL_HOTEL,A_ATTEMPTED,DELIVERED,FEDEX_INTL,True,True,False,True,2,3,78,9,1
dsp_01189,pay_c83dd48adb87,2026-01-11 17:00:00,999.91,MC_4853_GOODS_SERVICES,MASTERCARD,ICICI,ECOMM_RETAIL,U_UNAVAILABLE,DELIVERED,BLUEDART,False,False,True,True,3,0,89,2,0
dsp_01190,pay_39693cf39c11,2026-01-11 12:00:00,2175.72,MC_4853_GOODS_SERVICES,MASTERCARD,ICICI,DIGITAL_SAAS,U_UNAVAILABLE,NOT_APPLICABLE,NONE,False,True,True,True,0,2,86,6,0
dsp_01191,pay_eeba03464d43,2026-01-11 11:00:00,6468.91,MC_4837_FRAUD,MASTERCARD,CITI_INTL,DIGITAL_SAAS,Y_AUTHENTICATED,NOT_APPLICABLE,NONE,False,True,True,True,1,6,49,5,1
dsp_01192,pay_66453ce3ac7b,2026-01-12 08:00:00,599.05,MC_4837_FRAUD,MASTERCARD,SBI,FASHION_APPAREL,A_ATTEMPTED,UNKNOWN,DTDC,False,True,True,True,0,0,46,6,0
dsp_01193,pay_eb52f9f97ce8,2026-01-12 13:00:00,1733.96,VISA_10_4_FRAUD,VISA,SBI,TRAVEL_HOTEL,Y_AUTHENTICATED,DELIVERED,DTDC,True,True,True,False,5,1,54,13,1
dsp_01194,pay_2fef6e806ce8,2026-01-12 23:00:00,5933.52,VISA_10_4_FRAUD,VISA,SBI,ECOMM_RETAIL,N_NOT_ENROLLED,UNKNOWN,FEDEX_INTL,False,True,True,True,0,0,38,3,0
dsp_01195,pay_8b1d445255bf,2026-01-13 20:00:00,1313.18,MC_4837_FRAUD,MASTERCARD,AMEX_INTL,DIGITAL_SAAS,Y_AUTHENTICATED,NOT_APPLICABLE,NONE,False,True,True,True,0,1,45,10,0
dsp_01196,pay_d5a6d755fbeb,2026-01-13 22:00:00,3423.11,VISA_13_1_NOT_RECEIVED,VISA,AMEX_INTL,ECOMM_RETAIL,U_UNAVAILABLE,DELIVERED,FEDEX_INTL,True,True,True,True,0,2,87,8,1
dsp_01197,pay_88e8aae5f4f4,2026-01-13 00:00:00,1307.29,VISA_10_4_FRAUD,VISA,HDFC,TRAVEL_HOTEL,A_ATTEMPTED,IN_TRANSIT,FEDEX_INTL,False,True,False,True,3,4,8,10,1
dsp_01198,pay_9ad419cf17dc,2026-01-14 19:00:00,462.37,MC_4853_GOODS_SERVICES,MASTERCARD,SBI,TRAVEL_HOTEL,U_UNAVAILABLE,IN_TRANSIT,DTDC,False,False,False,True,5,6,46,3,1
dsp_01199,pay_d477c2bf43bf,2026-01-14 21:00:00,5833.0,VISA_10_4_FRAUD,VISA,AMEX_INTL,FASHION_APPAREL,N_NOT_ENROLLED,RETURNED,BLUEDART,False,False,False,True,1,0,77,5,0
dsp_01200,pay_7597867e10e0,2026-01-14 14:00:00,1282.02,MC_4837_FRAUD,MASTERCARD,CITI_INTL,FOOD_DELIVERY,A_ATTEMPTED,DELIVERED,DELHIVERY,True,False,True,True,3,1,83,4,1
